,Date,Home Team,Away Team,Home 1,Away 1,Home 2,Away 2,Home 3,Away 3,Home 4,Away 4,Home OT,Away OT,Home 2OT,Away 2OT,Home 3OT,Away 3OT,Home T,Away T
0,20201222,Golden State,Brooklyn,25,40,20,23,26,36,28,26,0,0,0,0,0,0,99,125
1,20201222,LA Clippers,LA Lakers,39,19,17,35,33,24,27,31,0,0,0,0,0,0,116,109
2,20201223,Milwaukee,Boston,34,31,25,33,25,37,37,21,0,0,0,0,0,0,121,122
3,20201223,Atlanta,Chicago,42,29,41,30,28,20,13,25,0,0,0,0,0,0,124,104
4,20201223,Charlotte,Cleveland,23,24,21,41,36,28,34,28,0,0,0,0,0,0,114,121
5,20201223,Sacramento,Denver,25,31,28,29,36,24,23,28,12,10,0,0,0,0,124,122
6,20201223,New York,Indiana,33,35,33,26,16,27,25,33,0,0,0,0,0,0,107,121
7,20201223,San Antonio,Memphis,30,33,36,20,33,35,32,31,0,0,0,0,0,0,131,119
8,20201223,Detroit,Minnesota,34,25,23,31,28,24,16,31,0,0,0,0,0,0,101,111
9,20201223,Miami,Orlando,29,27,24,29,30,23,24,34,0,0,0,0,0,0,107,113
10,20201223,Washington,Philadelphia,26,30,33,28,24,15,24,40,0,0,0,0,0,0,107,113
11,20201223,Dallas,Phoenix,22,23,23,30,26,24,31,29,0,0,0,0,0,0,102,106
12,20201223,Utah,Portland,32,25,33,19,29,24,26,32,0,0,0,0,0,0,120,100
13,20201223,New Orleans,Toronto,23,26,27,31,38,22,25,20,0,0,0,0,0,0,113,99
14,20201225,Brooklyn,Boston,26,22,25,32,35,23,37,18,0,0,0,0,0,0,123,95
15,20201225,LA Clippers,Denver,32,26,40,29,26,24,23,29,0,0,0,0,0,0,121,108
16,20201225,Dallas,LA Lakers,30,33,27,36,28,30,30,39,0,0,0,0,0,0,115,138
17,20201225,New Orleans,Miami,26,29,27,37,26,22,19,23,0,0,0,0,0,0,98,111
18,20201225,Golden State,Milwaukee,25,33,31,33,20,34,23,38,0,0,0,0,0,0,99,138
19,20201226,Indiana,Chicago,27,28,39,28,33,15,26,35,0,0,0,0,0,0,125,106
20,20201226,Oklahoma City,Charlotte,26,28,31,31,23,16,29,32,0,0,0,0,0,0,109,107
21,20201226,Cleveland,Detroit,26,26,33,27,22,33,20,15,11,11,16,7,0,0,128,119
22,20201226,Atlanta,Memphis,27,22,31,34,29,32,35,24,0,0,0,0,0,0,122,112
23,20201226,Philadelphia,New York,27,27,33,28,26,14,23,20,0,0,0,0,0,0,109,89
24,20201226,Houston,Portland,31,27,37,31,17,26,28,29,13,15,0,0,0,0,126,128
25,20201226,Phoenix,Sacramento,25,31,29,27,25,25,24,23,0,0,0,0,0,0,103,106
26,20201226,Toronto,San Antonio,39,33,19,28,28,30,28,28,0,0,0,0,0,0,114,119
27,20201226,Minnesota,Utah,31,27,37,26,20,26,28,32,0,0,0,0,0,0,116,111
28,20201226,Orlando,Washington,32,32,31,27,29,32,38,29,0,0,0,0,0,0,130,120
29,20201227,Golden State,Chicago,24,27,36,29,33,41,36,31,0,0,0,0,0,0,129,128
30,20201227,Brooklyn,Charlotte,22,23,28,25,27,34,27,24,0,0,0,0,0,0,104,106
31,20201227,Philadelphia,Cleveland,24,29,26,35,22,29,22,25,0,0,0,0,0,0,94,118
32,20201227,Boston,Indiana,23,19,32,30,28,39,24,20,0,0,0,0,0,0,107,108
33,20201227,Dallas,LA Clippers,36,13,41,14,27,30,20,16,0,0,0,0,0,0,124,73
34,20201227,Minnesota,LA Lakers,23,40,22,27,22,36,24,24,0,0,0,0,0,0,91,127
35,20201227,San Antonio,New Orleans,18,16,27,31,26,32,24,19,0,0,0,0,0,0,95,98
36,20201227,Milwaukee,New York,27,30,18,31,30,35,35,34,0,0,0,0,0,0,110,130
37,20201227,Phoenix,Sacramento,28,33,28,20,34,25,26,22,0,0,0,0,0,0,116,100
38,20201227,Orlando,Washington,29,35,33,25,15,34,43,19,0,0,0,0,0,0,120,113
39,20201228,Detroit,Atlanta,25,33,31,32,31,35,33,28,0,0,0,0,0,0,120,128
40,20201228,Memphis,Brooklyn,32,23,22,32,33,30,19,21,10,5,0,0,0,0,116,111
41,20201228,Houston,Denver,26,36,34,34,23,36,28,18,0,0,0,0,0,0,111,124
42,20201228,Portland,LA Lakers,22,30,36,24,26,31,31,22,0,0,0,0,0,0,115,107
43,20201228,Utah,Oklahoma City,22,24,27,28,35,35,26,22,0,0,0,0,0,0,110,109
44,20201229,New York,Cleveland,29,15,24,31,18,18,24,22,0,0,0,0,0,0,95,86
45,20201229,Golden State,Detroit,24,29,24,22,29,25,39,30,0,0,0,0,0,0,116,106
46,20201229,Boston,Indiana,31,26,27,31,25,37,33,17,0,0,0,0,0,0,116,111
47,20201229,Minnesota,LA Clippers,29,33,21,37,26,35,25,19,0,0,0,0,0,0,101,124
48,20201229,Milwaukee,Miami,46,26,37,25,32,24,29,22,0,0,0,0,0,0,144,97
49,20201229,Orlando,Oklahoma City,34,27,26,29,27,29,31,22,0,0,0,0,0,0,118,107
50,20201229,Toronto,Philadelphia,28,17,28,31,20,28,17,24,0,0,0,0,0,0,93,100
51,20201229,New Orleans,Phoenix,29,31,15,35,17,34,25,11,0,0,0,0,0,0,86,111
52,20201229,Denver,Sacramento,34,32,28,42,38,22,15,29,0,0,0,0,0,0,115,125
53,20201229,Chicago,Washington,31,26,21,20,31,27,32,34,0,0,0,0,0,0,115,107
54,20201230,Memphis,Boston,19,31,21,35,31,30,36,30,0,0,0,0,0,0,107,126
55,20201230,Atlanta,Brooklyn,41,38,27,29,36,35,37,43,0,0,0,0,0,0,141,145
56,20201230,Charlotte,Dallas,36,29,32,28,30,12,20,30,0,0,0,0,0,0,118,99
57,20201230,Portland,LA Clippers,26,37,31,39,28,31,20,21,0,0,0,0,0,0,105,128
58,20201230,Milwaukee,Miami,19,25,37,26,35,37,17,31,0,0,0,0,0,0,108,119
59,20201230,LA Lakers,San Antonio,35,27,28,26,29,29,29,25,0,0,0,0,0,0,121,107
60,20201231,Sacramento,Houston,33,32,26,31,27,24,33,35,0,0,0,0,0,0,119,122
61,20201231,Cleveland,Indiana,21,32,30,25,17,31,31,31,0,0,0,0,0,0,99,119
62,20201231,New Orleans,Oklahoma City,32,28,26,19,27,26,28,7,0,0,0,0,0,0,113,80
63,20201231,Philadelphia,Orlando,38,22,37,18,23,29,18,23,0,0,0,0,0,0,116,92
64,20201231,New York,Toronto,18,22,24,20,22,29,19,29,0,0,0,0,0,0,83,100
65,20201231,Phoenix,Utah,21,22,32,18,30,30,23,25,0,0,0,0,0,0,106,95
66,20201231,Chicago,Washington,35,41,36,27,36,32,26,30,0,0,0,0,0,0,133,130
67,20210101,Atlanta,Brooklyn,29,23,32,29,28,21,25,23,0,0,0,0,0,0,114,96
68,20210101,Memphis,Charlotte,23,19,30,28,30,20,25,26,0,0,0,0,0,0,108,93
69,20210101,Miami,Dallas,16,20,15,26,22,27,30,20,0,0,0,0,0,0,83,93
70,20210101,Phoenix,Denver,34,32,26,17,27,29,19,25,0,0,0,0,0,0,106,103
71,20210101,Boston,Detroit,12,27,28,28,33,24,20,17,0,0,0,0,0,0,93,96
72,20210101,Portland,Golden State,36,21,31,34,31,25,25,18,0,0,0,0,0,0,123,98
73,20210101,Chicago,Milwaukee,21,27,19,35,35,34,21,30,0,0,0,0,0,0,96,126
74,20210101,Washington,Minnesota,37,25,23,32,40,14,30,38,0,0,0,0,0,0,130,109
75,20210101,LA Lakers,San Antonio,25,31,33,26,23,28,28,18,0,0,0,0,0,0,109,103
76,20210101,LA Clippers,Utah,19,31,23,20,23,33,35,22,0,0,0,0,0,0,100,106
77,20210102,Cleveland,Atlanta,25,35,19,21,26,18,26,17,0,0,0,0,0,0,96,91
78,20210102,Sacramento,Houston,36,36,28,28,17,19,13,19,0,0,0,0,0,0,94,102
79,20210102,New York,Indiana,26,28,24,23,32,31,24,20,0,0,0,0,0,0,106,102
80,20210102,Toronto,New Orleans,26,32,34,23,22,32,34,33,0,0,0,0,0,0,116,120
81,20210102,Oklahoma City,Orlando,28,33,24,18,32,31,24,17,0,0,0,0,0,0,108,99
82,20210102,Charlotte,Philadelphia,24,39,34,34,32,31,22,23,0,0,0,0,0,0,112,127
83,20210103,Washington,Brooklyn,29,28,41,43,24,22,29,29,0,0,0,0,0,0,123,122
84,20210103,Dallas,Chicago,31,31,29,28,21,27,27,32,0,0,0,0,0,0,108,118
85,20210103,Boston,Detroit,31,33,30,24,30,31,31,32,0,0,0,0,0,0,122,120
86,20210103,Portland,Golden State,33,36,21,30,29,31,39,40,0,0,0,0,0,0,122,137
87,20210103,LA Lakers,Memphis,25,36,31,18,21,21,31,19,0,0,0,0,0,0,108,94
88,20210103,Denver,Minnesota,29,28,26,20,28,36,41,25,0,0,0,0,0,0,124,109
89,20210103,LA Clippers,Phoenix,37,24,27,20,24,37,24,26,0,0,0,0,0,0,112,107
90,20210103,Utah,San Antonio,33,23,32,28,33,25,32,33,0,0,0,0,0,0,130,109
91,20210104,New York,Atlanta,31,29,23,29,30,30,29,20,0,0,0,0,0,0,113,108
92,20210104,Sacramento,Golden State,20,37,28,31,27,32,31,37,0,0,0,0,0,0,106,137
93,20210104,Dallas,Houston,33,21,28,28,23,28,29,23,0,0,0,0,0,0,113,100
94,20210104,Oklahoma City,Miami,26,26,23,37,17,28,24,27,0,0,0,0,0,0,90,118
95,20210104,Detroit,Milwaukee,26,33,30,34,24,30,35,28,0,0,0,0,0,0,115,125
96,20210104,Indiana,New Orleans,26,24,27,27,26,26,27,29,12,10,0,0,0,0,118,116
97,20210104,Cleveland,Orlando,19,26,30,25,18,38,16,14,0,0,0,0,0,0,83,103
98,20210104,Charlotte,Philadelphia,20,23,23,35,23,24,35,36,0,0,0,0,0,0,101,118
99,20210104,Boston,Toronto,23,32,38,14,39,35,26,33,0,0,0,0,0,0,126,114
100,20210105,Utah,Brooklyn,14,35,30,28,29,35,23,32,0,0,0,0,0,0,96,130
101,20210105,Minnesota,Denver,22,34,43,28,31,31,20,30,0,0,0,0,0,0,116,123
102,20210105,San Antonio,LA Clippers,36,27,27,17,22,40,31,29,0,0,0,0,0,0,116,113
103,20210105,LA Lakers,Memphis,19,24,26,25,22,19,27,24,0,0,0,0,0,0,94,92
104,20210105,Chicago,Portland,21,39,24,15,36,31,30,23,0,0,0,0,0,0,111,108
105,20210106,Charlotte,Atlanta,27,11,32,29,22,27,21,27,0,0,0,0,0,0,102,94
106,20210106,LA Clippers,Golden State,21,15,31,36,31,26,25,24,0,0,0,0,0,0,108,101
107,20210106,Houston,Indiana,30,35,26,27,31,28,20,24,0,0,0,0,0,0,107,114
108,20210106,Boston,Miami,34,26,19,19,27,35,27,25,0,0,0,0,0,0,107,105
109,20210106,Detroit,Milwaukee,33,44,23,38,26,26,33,22,0,0,0,0,0,0,115,130
110,20210106,Oklahoma City,New Orleans,26,34,28,25,34,19,23,32,0,0,0,0,0,0,111,110
111,20210106,Utah,New York,27,20,29,24,19,34,25,34,0,0,0,0,0,0,100,112
112,20210106,Cleveland,Orlando,23,15,22,36,19,32,30,22,0,0,0,0,0,0,94,105
113,20210106,Washington,Philadelphia,24,33,43,49,39,34,30,25,0,0,0,0,0,0,136,141
114,20210106,Toronto,Phoenix,25,22,29,36,33,38,28,27,0,0,0,0,0,0,115,123
115,20210106,Chicago,Sacramento,25,28,34,34,34,31,31,35,0,0,0,0,0,0,124,128
116,20210107,Philadelphia,Brooklyn,26,28,25,37,33,29,25,28,0,0,0,0,0,0,109,122
117,20210107,Dallas,Denver,22,28,21,24,33,26,33,31,15,8,0,0,0,0,124,117
118,20210107,San Antonio,LA Lakers,34,26,31,30,26,33,27,20,0,0,0,0,0,0,118,109
119,20210107,Cleveland,Memphis,19,24,27,21,21,24,27,21,0,0,0,0,0,0,94,90
120,20210107,Minnesota,Portland,29,28,27,47,24,36,37,24,0,0,0,0,0,0,117,135
121,20210108,Washington,Boston,28,33,19,33,34,30,26,20,0,0,0,0,0,0,107,116
122,20210108,Phoenix,Detroit,29,20,27,28,20,24,17,21,12,17,0,0,0,0,105,110
123,20210108,LA Clippers,Golden State,30,22,35,29,22,30,18,34,0,0,0,0,0,0,105,115
124,20210108,Orlando,Houston,17,32,16,30,24,31,33,39,0,0,0,0,0,0,90,132
125,20210108,Chicago,LA Lakers,33,28,25,31,30,33,27,25,0,0,0,0,0,0,115,117
126,20210108,Brooklyn,Memphis,28,40,19,22,39,30,24,23,0,0,0,0,0,0,110,115
127,20210108,Utah,Milwaukee,34,31,31,27,39,38,27,22,0,0,0,0,0,0,131,118
128,20210108,Charlotte,New Orleans,22,38,25,21,35,28,36,23,0,0,0,0,0,0,118,110
129,20210108,Oklahoma City,New York,15,24,27,18,27,21,32,26,0,0,0,0,0,0,101,89
130,20210108,Toronto,Sacramento,35,43,36,31,40,29,33,20,0,0,0,0,0,0,144,123
131,20210109,Atlanta,Charlotte,29,28,21,31,26,28,29,26,0,0,0,0,0,0,105,113
132,20210109,Orlando,Dallas,27,36,23,20,25,29,23,27,0,0,0,0,0,0,98,112
133,20210109,Phoenix,Indiana,30,32,26,21,34,34,35,30,0,0,0,0,0,0,125,117
134,20210109,Cleveland,Milwaukee,14,27,23,20,26,31,27,22,0,0,0,0,0,0,90,100
135,20210109,San Antonio,Minnesota,28,34,32,24,23,27,30,28,12,9,0,0,0,0,125,122
136,20210109,Denver,Philadelphia,28,26,30,25,35,21,22,31,0,0,0,0,0,0,115,103
137,20210109,Portland,Sacramento,38,24,28,25,27,20,32,30,0,0,0,0,0,0,125,99
138,20210109,Miami,Washington,47,44,28,27,28,15,25,38,0,0,0,0,0,0,128,124
139,20210110,Oklahoma City,Brooklyn,29,41,28,22,37,18,35,35,0,0,0,0,0,0,129,116
140,20210110,Utah,Detroit,34,19,23,21,17,28,22,18,0,0,0,0,0,0,96,86
141,20210110,Toronto,Golden State,24,31,27,30,21,26,33,19,0,0,0,0,0,0,105,106
142,20210110,LA Lakers,Houston,25,21,40,25,23,29,32,27,0,0,0,0,0,0,120,102
143,20210110,Chicago,LA Clippers,31,22,28,30,35,42,33,36,0,0,0,0,0,0,127,130
144,20210110,San Antonio,Minnesota,22,25,27,19,20,22,19,30,0,0,0,0,0,0,88,96
145,20210110,Denver,New York,28,21,31,17,23,26,32,25,0,0,0,0,0,0,114,89
146,20210111,Philadelphia,Atlanta,32,28,18,37,15,32,29,15,0,0,0,0,0,0,94,112
147,20210111,New York,Charlotte,25,31,25,26,18,25,20,27,0,0,0,0,0,0,88,109
148,20210111,Memphis,Cleveland,24,27,23,19,30,25,24,20,0,0,0,0,0,0,101,91
149,20210111,Milwaukee,Orlando,25,23,38,31,23,28,35,17,0,0,0,0,0,0,121,99
150,20210111,Toronto,Portland,32,21,28,34,26,21,25,36,0,0,0,0,0,0,111,112
151,20210111,Indiana,Sacramento,30,30,34,35,29,32,29,30,0,0,0,0,0,0,122,127
152,20210111,Phoenix,Washington,15,29,27,39,36,36,29,24,0,0,0,0,0,0,107,128
153,20210112,Denver,Brooklyn,35,27,35,27,20,36,26,32,0,0,0,0,0,0,116,122
154,20210112,Utah,Cleveland,22,18,27,18,38,23,30,28,0,0,0,0,0,0,117,87
155,20210112,Indiana,Golden State,19,28,31,29,23,18,31,20,0,0,0,0,0,0,104,95
156,20210112,LA Lakers,Houston,35,14,36,34,26,23,20,29,0,0,0,0,0,0,117,100
157,20210112,San Antonio,Oklahoma City,26,26,25,17,29,30,32,29,0,0,0,0,0,0,112,102
158,20210112,Miami,Philadelphia,25,28,38,27,32,41,25,24,14,17,0,0,0,0,134,137
159,20210113,Dallas,Charlotte,32,16,28,27,27,29,17,21,0,0,0,0,0,0,104,93
160,20210113,Milwaukee,Detroit,27,13,31,34,31,28,21,26,0,0,0,0,0,0,110,101
161,20210113,New Orleans,LA Clippers,28,28,15,33,28,22,35,28,0,0,0,0,0,0,106,111
162,20210113,Memphis,Minnesota,27,29,29,29,24,32,38,17,0,0,0,0,0,0,118,107
163,20210113,Brooklyn,New York,26,25,35,20,31,31,24,33,0,0,0,0,0,0,116,109
164,20210113,LA Lakers,Oklahoma City,30,21,28,25,35,25,35,28,0,0,0,0,0,0,128,99
165,20210113,Portland,Sacramento,33,43,32,25,35,37,32,21,0,0,0,0,0,0,132,126
166,20210114,Golden State,Denver,24,37,30,28,22,25,28,24,0,0,0,0,0,0,104,114
167,20210114,Miami,Philadelphia,30,38,28,35,20,25,30,27,0,0,0,0,0,0,108,125
168,20210114,Indiana,Portland,26,26,33,10,25,35,27,16,0,0,0,0,0,0,111,87
169,20210114,Houston,San Antonio,30,27,18,18,27,34,34,26,0,0,0,0,0,0,109,105
170,20210114,Charlotte,Toronto,34,35,28,36,24,28,22,12,0,0,0,0,0,0,108,111
171,20210115,Orlando,Boston,28,34,20,26,24,28,25,36,0,0,0,0,0,0,97,124
172,20210115,New York,Cleveland,25,28,30,29,25,23,23,26,0,0,0,0,0,0,103,106
173,20210115,New Orleans,LA Lakers,28,20,30,37,16,27,21,28,0,0,0,0,0,0,95,112
174,20210115,Dallas,Milwaukee,23,30,24,25,34,29,28,28,0,0,0,0,0,0,109,112
175,20210115,Chicago,Oklahoma City,30,22,38,28,27,37,23,31,7,9,0,0,0,0,125,127
176,20210115,LA Clippers,Sacramento,34,31,35,30,37,16,32,23,0,0,0,0,0,0,138,100
177,20210115,Atlanta,Utah,23,33,23,28,28,26,18,29,0,0,0,0,0,0,92,116
178,20210116,Orlando,Brooklyn,26,29,24,23,33,32,32,38,0,0,0,0,0,0,115,122
179,20210116,Philadelphia,Memphis,26,25,28,35,22,28,28,18,0,0,0,0,0,0,104,106
180,20210116,Detroit,Miami,29,23,23,33,38,19,30,25,0,0,0,0,0,0,120,100
181,20210116,Atlanta,Portland,38,34,28,25,20,27,20,26,0,0,0,0,0,0,106,112
182,20210116,Houston,San Antonio,30,21,23,29,19,25,19,28,0,0,0,0,0,0,91,103
183,20210116,Charlotte,Toronto,27,31,37,35,23,22,26,28,0,0,0,0,0,0,113,116
184,20210117,New York,Boston,28,17,20,18,27,15,30,25,0,0,0,0,0,0,105,75
185,20210117,Chicago,Dallas,27,23,40,29,22,23,28,26,0,0,0,0,0,0,117,101
186,20210117,Utah,Denver,32,31,21,27,28,21,28,26,0,0,0,0,0,0,109,105
187,20210117,Indiana,LA Clippers,26,36,29,25,20,39,21,29,0,0,0,0,0,0,96,129
188,20210117,New Orleans,Sacramento,34,25,33,33,30,36,31,29,0,0,0,0,0,0,128,123
189,20210118,Minnesota,Atlanta,25,29,26,29,20,20,26,30,0,0,0,0,0,0,97,108
190,20210118,Milwaukee,Brooklyn,34,28,22,29,33,37,34,31,0,0,0,0,0,0,123,125
191,20210118,Houston,Chicago,16,28,36,36,34,29,34,32,0,0,0,0,0,0,120,125
192,20210118,Golden State,LA Lakers,22,34,26,30,33,28,34,21,0,0,0,0,0,0,115,113
193,20210118,Phoenix,Memphis,24,18,24,34,27,25,29,31,0,0,0,0,0,0,104,108
194,20210118,Detroit,Miami,36,24,25,31,19,33,27,25,0,0,0,0,0,0,107,113
195,20210118,Orlando,New York,13,19,25,28,16,19,30,25,0,0,0,0,0,0,84,91
196,20210118,San Antonio,Portland,32,28,27,26,28,28,38,22,0,0,0,0,0,0,125,104
197,20210118,Dallas,Toronto,18,22,29,25,25,34,21,35,0,0,0,0,0,0,93,116
198,20210119,Oklahoma City,Denver,31,31,21,34,22,32,27,22,0,0,0,0,0,0,101,119
199,20210119,New Orleans,Utah,24,29,25,26,20,36,33,27,0,0,0,0,0,0,102,118
200,20210120,Detroit,Atlanta,31,29,21,16,40,33,14,28,9,17,0,0,0,0,115,123
201,20210120,Brooklyn,Cleveland,23,28,26,23,29,36,35,26,14,14,8,20,0,0,135,147
202,20210120,San Antonio,Golden State,24,36,21,28,26,26,28,31,0,0,0,0,0,0,99,121
203,20210120,Phoenix,Houston,30,23,33,28,26,31,20,21,0,0,0,0,0,0,109,103
204,20210120,Dallas,Indiana,37,28,28,35,28,29,31,20,0,0,0,0,0,0,124,112
205,20210120,Sacramento,LA Clippers,29,25,27,36,19,34,21,20,0,0,0,0,0,0,96,115
206,20210120,Orlando,Minnesota,25,21,10,30,33,26,29,19,0,0,0,0,0,0,97,96
207,20210120,Boston,Philadelphia,25,32,36,26,31,28,17,31,0,0,0,0,0,0,109,117
208,20210120,Miami,Toronto,29,23,27,35,32,25,23,19,0,0,0,0,0,0,111,102
209,20210121,New York,Golden State,40,31,23,26,26,19,30,28,0,0,0,0,0,0,119,104
210,20210121,LA Lakers,Milwaukee,29,33,34,24,23,24,27,25,0,0,0,0,0,0,113,106
211,20210121,New Orleans,Utah,43,31,26,39,23,30,26,29,0,0,0,0,0,0,118,129
212,20210122,Chicago,Charlotte,30,29,31,24,34,30,28,27,0,0,0,0,0,0,123,110
213,20210122,Brooklyn,Cleveland,33,34,27,27,24,37,29,27,0,0,0,0,0,0,113,125
214,20210122,Houston,Detroit,34,21,21,26,22,34,26,21,0,0,0,0,0,0,103,102
215,20210122,Orlando,Indiana,28,37,32,25,27,26,21,20,10,12,0,0,0,0,118,120
216,20210122,Oklahoma City,LA Clippers,18,36,35,34,25,21,28,29,0,0,0,0,0,0,106,120
217,20210122,Atlanta,Minnesota,25,19,37,24,30,24,24,31,0,0,0,0,0,0,116,98
218,20210122,Boston,Philadelphia,33,25,19,24,28,42,30,31,0,0,0,0,0,0,110,122
219,20210122,Denver,Phoenix,25,34,29,34,37,27,23,19,16,12,0,0,0,0,130,126
220,20210122,New York,Sacramento,26,25,28,24,18,27,22,27,0,0,0,0,0,0,94,103
221,20210122,Dallas,San Antonio,37,34,31,24,27,27,27,32,0,0,0,0,0,0,122,117
222,20210122,Miami,Toronto,20,37,22,19,22,17,17,28,0,0,0,0,0,0,81,101
223,20210123,Miami,Brooklyn,25,36,31,30,26,30,42,32,0,0,0,0,0,0,124,128
224,20210123,LA Lakers,Chicago,29,17,34,16,20,33,18,24,0,0,0,0,0,0,101,90
225,20210123,Houston,Dallas,38,27,32,32,34,24,29,25,0,0,0,0,0,0,133,108
226,20210123,Philadelphia,Detroit,28,31,33,32,33,25,20,22,0,0,0,0,0,0,114,110
227,20210123,New Orleans,Minnesota,31,28,33,35,14,24,32,33,0,0,0,0,0,0,110,120
228,20210123,Denver,Phoenix,28,30,30,31,15,16,25,21,8,8,14,6,0,0,120,112
229,20210123,Golden State,Utah,30,39,17,38,25,31,36,19,0,0,0,0,0,0,108,127
230,20210124,Cleveland,Boston,21,38,30,35,27,41,25,27,0,0,0,0,0,0,103,141
231,20210124,Toronto,Indiana,24,24,34,23,19,28,30,27,0,0,0,0,0,0,107,102
232,20210124,Oklahoma City,LA Clippers,19,36,26,20,28,29,27,23,0,0,0,0,0,0,100,108
233,20210124,Atlanta,Milwaukee,15,32,32,34,36,28,32,35,0,0,0,0,0,0,115,129
234,20210124,Charlotte,Orlando,24,29,26,29,24,28,33,18,0,0,0,0,0,0,107,104
235,20210124,New York,Portland,24,37,26,33,27,19,36,27,0,0,0,0,0,0,113,116
236,20210124,Washington,San Antonio,26,23,21,25,30,37,24,36,0,0,0,0,0,0,101,121
237,20210125,Miami,Brooklyn,21,15,24,26,26,29,14,28,0,0,0,0,0,0,85,98
238,20210125,Boston,Chicago,33,25,27,25,31,26,28,27,0,0,0,0,0,0,119,103
239,20210125,LA Lakers,Cleveland,34,23,31,35,22,31,28,19,0,0,0,0,0,0,115,108
240,20210125,Denver,Dallas,38,31,32,27,22,36,25,19,0,0,0,0,0,0,117,113
241,20210125,Philadelphia,Detroit,23,34,27,30,25,25,29,30,0,0,0,0,0,0,104,119
242,20210125,Minnesota,Golden State,23,34,31,34,29,25,25,37,0,0,0,0,0,0,108,130
243,20210125,Toronto,Indiana,30,33,30,37,37,28,17,31,0,0,0,0,0,0,114,129
244,20210125,Charlotte,Orlando,30,19,24,36,22,32,32,30,0,0,0,0,0,0,108,117
245,20210125,Oklahoma City,Portland,34,24,35,36,25,31,31,31,0,0,0,0,0,0,125,122
246,20210126,LA Clippers,Atlanta,21,22,27,21,22,33,29,32,0,0,0,0,0,0,99,108
247,20210126,Washington,Houston,29,26,23,30,18,19,18,32,0,0,0,0,0,0,88,107
248,20210126,New York,Utah,27,18,32,28,22,34,13,28,0,0,0,0,0,0,94,108
249,20210127,Brooklyn,Atlanta,26,27,29,28,28,32,33,29,16,12,0,0,0,0,132,128
250,20210127,Indiana,Charlotte,36,19,23,36,25,25,32,26,0,0,0,0,0,0,116,106
251,20210127,Detroit,Cleveland,28,32,28,22,26,36,25,32,0,0,0,0,0,0,107,122
252,20210127,Minnesota,Golden State,21,23,30,35,24,37,36,28,0,0,0,0,0,0,111,123
253,20210127,Denver,Miami,26,12,32,21,16,32,35,17,0,0,0,0,0,0,109,82
254,20210127,Washington,New Orleans,18,35,27,29,35,30,26,30,0,0,0,0,0,0,106,124
255,20210127,Sacramento,Orlando,32,23,33,27,31,27,25,30,0,0,0,0,0,0,121,107
256,20210127,LA Lakers,Philadelphia,24,34,27,21,23,26,32,26,0,0,0,0,0,0,106,107
257,20210127,Oklahoma City,Phoenix,17,32,28,10,28,29,29,26,0,0,0,0,0,0,102,97
258,20210127,Boston,San Antonio,30,25,17,36,37,21,22,28,0,0,0,0,0,0,106,110
259,20210127,Milwaukee,Toronto,33,33,30,21,20,28,32,26,0,0,0,0,0,0,115,108
260,20210127,Dallas,Utah,19,32,29,37,30,31,26,16,0,0,0,0,0,0,104,116
261,20210128,LA Lakers,Detroit,31,34,27,22,20,26,14,25,0,0,0,0,0,0,92,107
262,20210128,Portland,Houston,32,17,18,36,27,33,24,18,0,0,0,0,0,0,101,104
263,20210128,LA Clippers,Miami,19,33,29,17,40,19,21,36,0,0,0,0,0,0,109,105
264,20210128,Golden State,Phoenix,29,36,18,16,24,33,22,29,0,0,0,0,0,0,93,114
265,20210129,Indiana,Charlotte,28,32,32,32,20,25,25,19,0,0,0,0,0,0,105,108
266,20210129,Philadelphia,Minnesota,25,25,28,23,35,26,30,20,0,0,0,0,0,0,118,94
267,20210129,Milwaukee,New Orleans,21,35,24,33,44,35,37,28,0,0,0,0,0,0,126,131
268,20210129,Cleveland,New York,17,19,16,28,22,25,26,30,0,0,0,0,0,0,81,102
269,20210129,Brooklyn,Oklahoma City,36,27,40,32,39,35,32,31,0,0,0,0,0,0,147,125
270,20210129,LA Clippers,Orlando,26,26,36,22,28,23,26,19,0,0,0,0,0,0,116,90
271,20210129,Denver,San Antonio,30,37,25,24,31,26,23,32,0,0,0,0,0,0,109,119
272,20210129,Sacramento,Toronto,36,24,32,34,36,33,22,33,0,0,0,0,0,0,126,124
273,20210129,Dallas,Utah,12,37,33,24,23,33,33,26,0,0,0,0,0,0,101,120
274,20210129,Atlanta,Washington,31,22,30,28,28,21,27,29,0,0,0,0,0,0,116,100
275,20210130,LA Lakers,Boston,28,24,24,25,19,29,25,17,0,0,0,0,0,0,96,95
276,20210130,Portland,Chicago,32,34,32,19,29,33,30,36,0,0,0,0,0,0,123,122
277,20210130,Milwaukee,Charlotte,31,39,33,29,30,29,20,29,0,0,0,0,0,0,114,126
278,20210130,Phoenix,Dallas,29,28,26,27,22,27,34,23,0,0,0,0,0,0,111,105
279,20210130,Detroit,Golden State,17,29,28,35,23,30,23,24,0,0,0,0,0,0,91,118
280,20210130,Sacramento,Miami,35,24,24,33,18,27,27,21,0,0,0,0,0,0,104,105
281,20210130,Houston,New Orleans,27,35,48,22,24,27,27,28,0,0,0,0,0,0,126,112
282,20210130,Memphis,San Antonio,35,27,29,29,36,34,29,22,0,0,0,0,0,0,129,112
283,20210131,Utah,Denver,29,43,25,36,37,24,26,25,0,0,0,0,0,0,117,128
284,20210131,Philadelphia,Indiana,18,28,36,35,28,32,37,15,0,0,0,0,0,0,119,110
285,20210131,Cleveland,Minnesota,35,30,26,25,25,33,18,21,0,0,0,0,0,0,104,109
286,20210131,LA Clippers,New York,29,31,37,34,35,26,28,24,0,0,0,0,0,0,129,115
287,20210131,Orlando,Toronto,15,27,29,31,29,26,29,31,0,0,0,0,0,0,102,115
288,20210131,Brooklyn,Washington,38,28,33,37,37,36,38,48,0,0,0,0,0,0,146,149
289,20210201,LA Lakers,Atlanta,28,25,22,21,25,30,32,23,0,0,0,0,0,0,107,99
290,20210201,New York,Chicago,27,32,28,27,26,25,21,26,0,0,0,0,0,0,102,110
291,20210201,Minnesota,Cleveland,29,29,15,23,23,24,31,24,0,0,0,0,0,0,98,100
292,20210201,Phoenix,Dallas,22,22,25,31,30,29,32,26,0,0,0,0,0,0,109,108
293,20210201,Charlotte,Miami,28,29,26,28,34,25,25,31,16,8,0,0,0,0,129,121
294,20210201,Portland,Milwaukee,36,46,20,33,21,34,29,21,0,0,0,0,0,0,106,134
295,20210201,Sacramento,New Orleans,30,33,30,29,27,32,31,15,0,0,0,0,0,0,118,109
296,20210201,Houston,Oklahoma City,48,24,25,30,29,22,34,30,0,0,0,0,0,0,136,106
297,20210201,Memphis,San Antonio,33,31,36,22,27,30,37,19,0,0,0,0,0,0,133,102
298,20210202,LA Clippers,Brooklyn,32,24,26,33,32,31,30,36,0,0,0,0,0,0,120,124
299,20210202,Boston,Golden State,24,35,28,17,34,33,25,22,0,0,0,0,0,0,111,107
300,20210202,Memphis,Indiana,27,37,23,34,35,33,31,30,0,0,0,0,0,0,116,134
301,20210202,Toronto,Orlando,33,31,31,29,32,22,27,26,0,0,0,0,0,0,123,108
302,20210202,Detroit,Utah,22,33,24,36,31,25,28,23,0,0,0,0,0,0,105,117
303,20210202,Portland,Washington,40,23,35,40,31,27,26,31,0,0,0,0,0,0,132,121
304,20210203,Dallas,Atlanta,26,22,27,34,35,27,34,33,0,0,0,0,0,0,122,116
305,20210203,New York,Chicago,34,17,29,35,28,24,16,27,0,0,0,0,0,0,107,103
306,20210203,Philadelphia,Charlotte,30,13,34,29,25,34,29,35,0,0,0,0,0,0,118,111
307,20210203,LA Clippers,Cleveland,33,25,19,24,36,25,33,25,0,0,0,0,0,0,121,99
308,20210203,Washington,Miami,31,34,24,31,22,17,26,18,0,0,0,0,0,0,103,100
309,20210203,Indiana,Milwaukee,21,29,30,39,21,38,38,24,0,0,0,0,0,0,110,130
310,20210203,Phoenix,New Orleans,25,28,21,20,28,40,27,35,0,0,0,0,0,0,101,123
311,20210203,Houston,Oklahoma City,25,30,18,24,15,27,29,23,0,0,0,0,0,0,87,104
312,20210203,Boston,Sacramento,26,22,25,30,31,29,29,35,0,0,0,0,0,0,111,116
313,20210203,Minnesota,San Antonio,33,29,32,25,25,25,18,32,0,0,0,0,0,0,108,111
314,20210204,Utah,Atlanta,20,16,25,21,35,26,32,28,0,0,0,0,0,0,112,91
315,20210204,Golden State,Dallas,36,34,38,42,36,20,37,20,0,0,0,0,0,0,147,116
316,20210204,Denver,LA Lakers,30,27,28,19,17,37,18,31,0,0,0,0,0,0,93,114
317,20210204,Houston,Memphis,27,27,33,20,27,23,28,33,0,0,0,0,0,0,115,103
318,20210204,Portland,Philadelphia,28,28,29,29,40,19,24,29,0,0,0,0,0,0,121,105
319,20210205,Toronto,Brooklyn,34,23,33,40,25,27,31,27,0,0,0,0,0,0,123,117
320,20210205,Utah,Charlotte,30,32,39,22,37,36,32,31,0,0,0,0,0,0,138,121
321,20210205,Milwaukee,Cleveland,26,33,34,30,34,26,29,16,0,0,0,0,0,0,123,105
322,20210205,New Orleans,Indiana,27,30,30,18,29,27,28,38,0,0,0,0,0,0,114,113
323,20210205,Boston,LA Clippers,21,33,30,29,38,20,30,33,0,0,0,0,0,0,119,115
324,20210205,Washington,Miami,27,40,16,31,27,35,25,16,0,0,0,0,0,0,95,122
325,20210205,Minnesota,Oklahoma City,25,23,26,32,34,21,21,27,0,0,0,0,0,0,106,103
326,20210205,Chicago,Orlando,31,33,25,33,25,26,38,31,0,0,0,0,0,0,119,123
327,20210205,Detroit,Phoenix,24,27,20,30,24,30,24,22,0,0,0,0,0,0,92,109
328,20210206,Toronto,Atlanta,34,28,29,38,31,35,27,31,0,0,0,0,0,0,121,132
329,20210206,Milwaukee,Cleveland,25,22,34,32,35,23,30,22,0,0,0,0,0,0,124,99
330,20210206,Golden State,Dallas,31,35,33,37,37,34,31,28,0,0,0,0,0,0,132,134
331,20210206,San Antonio,Houston,29,23,22,24,33,30,27,29,0,0,0,0,0,0,111,106
332,20210206,Detroit,LA Lakers,29,27,25,36,24,25,28,18,12,12,11,17,0,0,129,135
333,20210206,Memphis,New Orleans,33,31,28,29,30,30,18,28,0,0,0,0,0,0,109,118
334,20210206,Portland,New York,31,26,20,31,25,27,23,26,0,0,0,0,0,0,99,110
335,20210206,Minnesota,Oklahoma City,24,43,38,40,32,13,24,24,0,0,0,0,0,0,118,120
336,20210206,Chicago,Orlando,31,31,30,12,34,21,23,28,0,0,0,0,0,0,118,92
337,20210206,Brooklyn,Philadelphia,29,34,27,25,30,43,22,22,0,0,0,0,0,0,108,124
338,20210206,Denver,Sacramento,25,26,27,27,29,34,33,32,0,0,0,0,0,0,114,119
339,20210207,Washington,Charlotte,31,34,21,35,21,33,24,17,0,0,0,0,0,0,97,119
340,20210207,Utah,Indiana,25,20,22,27,28,21,28,27,0,0,0,0,0,0,103,95
341,20210207,Sacramento,LA Clippers,22,24,32,27,25,29,34,30,0,0,0,0,0,0,113,110
342,20210207,Miami,New York,25,23,35,36,22,18,27,26,0,0,0,0,0,0,109,103
343,20210207,Boston,Phoenix,19,27,30,25,19,24,23,24,0,0,0,0,0,0,91,100
344,20210208,Washington,Chicago,24,27,34,21,25,30,22,23,0,0,0,0,0,0,105,101
345,20210208,Houston,Charlotte,27,32,33,32,27,26,7,29,0,0,0,0,0,0,94,119
346,20210208,Minnesota,Dallas,22,43,29,28,26,24,45,32,0,0,0,0,0,0,122,127
347,20210208,Milwaukee,Denver,37,42,22,20,34,26,32,24,0,0,0,0,0,0,125,112
348,20210208,Oklahoma City,LA Lakers,33,26,27,30,24,20,26,34,2,9,0,0,0,0,112,119
349,20210208,Toronto,Memphis,35,34,28,36,31,27,34,16,0,0,0,0,0,0,128,113
350,20210208,Cleveland,Phoenix,28,34,33,30,30,25,22,30,0,0,0,0,0,0,113,119
351,20210208,Golden State,San Antonio,36,27,23,27,21,24,20,27,0,0,0,0,0,0,100,105
352,20210209,Brooklyn,Detroit,26,38,28,25,32,31,25,28,0,0,0,0,0,0,111,122
353,20210209,New York,Miami,25,27,30,30,27,19,14,22,0,0,0,0,0,0,96,98
354,20210209,Houston,New Orleans,25,30,25,33,31,29,20,38,0,0,0,0,0,0,101,130
355,20210209,Orlando,Portland,19,31,24,19,30,34,24,22,0,0,0,0,0,0,97,106
356,20210209,Philadelphia,Sacramento,42,32,24,39,21,20,32,20,0,0,0,0,0,0,119,111
357,20210209,Golden State,San Antonio,28,26,22,24,36,20,28,21,0,0,0,0,0,0,114,91
358,20210209,Boston,Utah,27,24,20,24,32,42,29,32,0,0,0,0,0,0,108,122
359,20210210,Indiana,Brooklyn,18,27,12,35,32,20,32,22,0,0,0,0,0,0,94,104
360,20210210,New Orleans,Chicago,34,44,40,22,14,40,28,23,0,0,0,0,0,0,116,129
361,20210210,Atlanta,Dallas,32,33,30,19,28,29,27,37,0,0,0,0,0,0,117,118
362,20210210,Cleveland,Denver,17,34,26,30,23,36,29,33,0,0,0,0,0,0,95,133
363,20210210,Oklahoma City,LA Lakers,37,23,30,34,17,23,21,25,8,9,0,0,0,0,113,114
364,20210210,Charlotte,Memphis,38,34,30,36,15,31,31,29,0,0,0,0,0,0,114,130
365,20210210,LA Clippers,Minnesota,27,32,20,21,33,20,39,39,0,0,0,0,0,0,119,112
366,20210210,Milwaukee,Phoenix,32,32,39,27,30,39,23,27,0,0,0,0,0,0,124,125
367,20210210,Toronto,Washington,40,28,34,33,29,32,34,22,0,0,0,0,0,0,137,115
368,20210211,Toronto,Boston,29,34,27,32,24,22,26,32,0,0,0,0,0,0,106,120
369,20210211,Indiana,Detroit,28,19,24,33,30,18,29,25,0,0,0,0,0,0,111,95
370,20210211,Orlando,Golden State,19,29,36,18,25,37,25,27,0,0,0,0,0,0,105,111
371,20210211,Miami,Houston,19,29,28,24,28,10,26,31,0,0,0,0,0,0,101,94
372,20210211,Philadelphia,Portland,36,37,27,23,30,29,21,29,0,0,0,0,0,0,114,118
373,20210212,San Antonio,Atlanta,36,29,41,19,33,24,15,42,0,0,0,0,0,0,125,114
374,20210212,Detroit,Boston,27,23,27,29,28,20,26,30,0,0,0,0,0,0,108,102
375,20210212,LA Clippers,Chicago,30,25,28,29,32,24,35,28,0,0,0,0,0,0,125,106
376,20210212,Minnesota,Charlotte,30,25,29,35,26,30,29,30,0,0,0,0,0,0,114,120
377,20210212,New Orleans,Dallas,34,27,31,42,36,39,29,35,0,0,0,0,0,0,130,143
378,20210212,Oklahoma City,Denver,28,16,25,24,26,30,16,27,0,0,0,0,0,0,95,97
379,20210212,Memphis,LA Lakers,31,16,28,30,23,41,23,28,0,0,0,0,0,0,105,115
380,20210212,Cleveland,Portland,23,34,29,39,25,27,33,29,0,0,0,0,0,0,110,129
381,20210212,Orlando,Sacramento,33,33,31,26,33,28,26,25,0,0,0,0,0,0,123,112
382,20210212,Milwaukee,Utah,31,35,21,34,30,27,33,33,0,0,0,0,0,0,115,129
383,20210212,New York,Washington,30,23,23,19,26,22,30,27,0,0,0,0,0,0,109,91
384,20210213,Indiana,Atlanta,27,26,35,32,22,29,41,26,0,0,0,0,0,0,125,113
385,20210213,Brooklyn,Golden State,37,28,29,23,42,31,26,35,0,0,0,0,0,0,134,117
386,20210213,Houston,New York,25,30,22,33,28,24,24,34,0,0,0,0,0,0,99,121
387,20210213,Philadelphia,Phoenix,28,23,25,30,28,33,30,34,0,0,0,0,0,0,111,120
388,20210213,Miami,Utah,21,18,21,29,15,31,37,34,0,0,0,0,0,0,94,112
389,20210214,San Antonio,Charlotte,17,33,47,26,25,30,33,21,0,0,0,0,0,0,122,110
390,20210214,Portland,Dallas,34,25,24,36,45,30,18,27,0,0,0,0,0,0,121,118
391,20210214,LA Lakers,Denver,33,33,28,40,24,30,20,19,0,0,0,0,0,0,105,122
392,20210214,New Orleans,Detroit,40,30,22,34,27,33,23,26,0,0,0,0,0,0,112,123
393,20210214,Cleveland,LA Clippers,24,32,34,38,30,36,23,22,0,0,0,0,0,0,111,128
394,20210214,Milwaukee,Oklahoma City,24,24,17,28,40,29,28,33,0,0,0,0,0,0,109,114
395,20210214,Orlando,Phoenix,16,28,19,24,25,32,30,25,0,0,0,0,0,0,90,109
396,20210214,Memphis,Sacramento,30,22,32,24,37,33,25,31,0,0,0,0,0,0,124,110
397,20210214,Minnesota,Toronto,27,26,27,32,37,25,25,29,0,0,0,0,0,0,116,112
398,20210214,Boston,Washington,22,29,21,26,24,34,24,15,0,0,0,0,0,0,91,104
399,20210215,Cleveland,Golden State,32,32,22,32,30,37,14,28,0,0,0,0,0,0,98,129
400,20210215,Chicago,Indiana,24,21,25,23,30,26,26,35,15,7,0,0,0,0,120,112
401,20210215,Miami,LA Clippers,35,33,27,34,29,25,27,33,0,0,0,0,0,0,118,125
402,20210215,Atlanta,New York,28,39,35,27,27,29,22,28,0,0,0,0,0,0,112,123
403,20210215,Brooklyn,Sacramento,36,37,38,31,33,20,29,37,0,0,0,0,0,0,136,125
404,20210215,Philadelphia,Utah,42,35,24,37,28,34,29,28,0,0,0,0,0,0,123,134
405,20210215,Houston,Washington,34,38,35,34,20,28,30,31,0,0,0,0,0,0,119,131
406,20210216,Denver,Boston,26,30,28,29,21,27,24,26,0,0,0,0,0,0,99,112
407,20210216,New Orleans,Memphis,29,32,34,26,38,23,43,32,0,0,0,0,0,0,144,113
408,20210216,Toronto,Milwaukee,33,33,31,31,30,27,30,22,0,0,0,0,0,0,124,113
409,20210216,LA Lakers,Minnesota,30,27,27,29,29,28,26,20,0,0,0,0,0,0,112,104
410,20210216,Portland,Oklahoma City,34,21,30,29,29,29,22,25,0,0,0,0,0,0,115,104
411,20210216,Brooklyn,Phoenix,22,33,32,42,34,25,40,24,0,0,0,0,0,0,128,124
412,20210217,Atlanta,Boston,33,35,29,21,28,25,32,33,0,0,0,0,0,0,122,114
413,20210217,Detroit,Chicago,35,27,26,16,12,27,29,35,0,0,0,0,0,0,102,105
414,20210217,Miami,Golden State,36,24,25,22,25,30,19,29,7,15,0,0,0,0,112,120
415,20210217,Utah,LA Clippers,24,25,22,26,35,24,33,21,0,0,0,0,0,0,114,96
416,20210217,Oklahoma City,Memphis,31,30,25,27,29,29,28,36,0,0,0,0,0,0,113,122
417,20210217,Indiana,Minnesota,39,33,30,40,17,19,35,29,13,7,0,0,0,0,134,128
418,20210217,Portland,New Orleans,35,30,24,39,35,22,32,33,0,0,0,0,0,0,126,124
419,20210217,New York,Orlando,32,23,24,30,14,30,19,24,0,0,0,0,0,0,89,107
420,20210217,Houston,Philadelphia,24,38,19,31,36,27,34,22,0,0,0,0,0,0,113,118
421,20210217,Denver,Washington,41,24,23,46,29,30,35,30,0,0,0,0,0,0,128,130
422,20210218,Brooklyn,LA Lakers,31,24,33,29,26,21,19,24,0,0,0,0,0,0,109,98
423,20210218,Toronto,Milwaukee,33,26,25,15,27,31,25,24,0,0,0,0,0,0,110,96
424,20210218,Miami,Sacramento,31,21,26,22,32,36,29,31,0,0,0,0,0,0,118,110
425,20210219,Atlanta,Boston,22,33,19,33,32,32,36,23,0,0,0,0,0,0,109,121
426,20210219,Denver,Cleveland,33,23,36,27,26,30,25,23,0,0,0,0,0,0,120,103
427,20210219,Utah,LA Clippers,23,31,26,26,26,22,37,37,0,0,0,0,0,0,112,116
428,20210219,Detroit,Memphis,17,35,26,18,30,31,22,25,0,0,0,0,0,0,95,109
429,20210219,Oklahoma City,Milwaukee,20,16,22,30,20,32,23,20,0,0,0,0,0,0,85,98
430,20210219,Toronto,Minnesota,28,15,17,20,13,29,28,17,0,0,0,0,0,0,86,81
431,20210219,Phoenix,New Orleans,33,34,26,32,32,36,41,12,0,0,0,0,0,0,132,114
432,20210219,Golden State,Orlando,34,37,17,27,43,29,26,31,0,0,0,0,0,0,120,124
433,20210219,Chicago,Philadelphia,30,32,23,26,26,27,26,27,0,0,0,0,0,0,105,112
434,20210220,Sacramento,Chicago,21,28,37,40,25,27,31,27,0,0,0,0,0,0,114,122
435,20210220,Golden State,Charlotte,15,24,32,21,22,24,31,33,0,0,0,0,0,0,100,102
436,20210220,Miami,LA Lakers,36,23,23,29,22,25,15,17,0,0,0,0,0,0,96,94
437,20210220,Phoenix,Memphis,28,15,37,19,31,30,32,33,0,0,0,0,0,0,128,97
438,20210220,Washington,Portland,31,43,30,12,28,37,29,19,0,0,0,0,0,0,118,111
439,20210221,Denver,Atlanta,33,27,23,37,20,29,39,30,0,0,0,0,0,0,115,123
440,20210221,Oklahoma City,Cleveland,31,28,31,23,24,24,31,26,0,0,0,0,0,0,117,101
441,20210221,Brooklyn,LA Clippers,28,30,30,21,31,28,23,29,0,0,0,0,0,0,112,108
442,20210221,Sacramento,Milwaukee,25,28,31,42,26,29,33,29,0,0,0,0,0,0,115,128
443,20210221,Boston,New Orleans,30,28,33,19,24,27,21,34,7,12,0,0,0,0,115,120
444,20210221,Minnesota,New York,18,30,32,31,21,26,28,16,0,0,0,0,0,0,99,103
445,20210221,Detroit,Orlando,26,28,22,28,28,27,20,22,0,0,0,0,0,0,96,105
446,20210221,Philadelphia,Toronto,24,28,31,24,29,31,19,27,0,0,0,0,0,0,103,110
447,20210222,Memphis,Dallas,13,26,23,28,26,27,30,21,0,0,0,0,0,0,92,102
448,20210222,Chicago,Houston,29,24,25,24,46,26,20,26,0,0,0,0,0,0,120,100
449,20210222,Washington,LA Lakers,23,33,26,30,31,23,35,29,12,9,0,0,0,0,127,124
450,20210222,Miami,Oklahoma City,23,21,22,33,34,23,29,17,0,0,0,0,0,0,108,94
451,20210222,Portland,Phoenix,26,32,28,31,17,37,29,32,0,0,0,0,0,0,100,132
452,20210222,Charlotte,Utah,35,35,32,29,23,27,20,41,0,0,0,0,0,0,110,132
453,20210223,Sacramento,Brooklyn,28,42,38,30,30,26,22,29,0,0,0,0,0,0,118,127
454,20210223,Atlanta,Cleveland,27,28,28,30,29,26,27,28,0,0,0,0,0,0,111,112
455,20210223,Boston,Dallas,31,34,25,21,20,25,31,30,0,0,0,0,0,0,107,110
456,20210223,Portland,Denver,25,34,32,23,21,21,28,33,0,0,0,0,0,0,106,111
457,20210223,Washington,LA Clippers,20,36,35,36,39,27,22,36,0,0,0,0,0,0,116,135
458,20210223,Minnesota,Milwaukee,36,38,26,41,27,34,23,26,0,0,0,0,0,0,112,139
459,20210223,Golden State,New York,36,31,19,28,39,26,20,21,0,0,0,0,0,0,114,106
460,20210223,Detroit,Orlando,34,24,19,27,26,14,26,28,0,0,0,0,0,0,105,93
461,20210223,Philadelphia,Toronto,37,18,18,24,24,23,30,37,0,0,0,0,0,0,109,102
462,20210224,Boston,Atlanta,27,40,22,32,29,27,34,28,0,0,0,0,0,0,112,127
463,20210224,Minnesota,Chicago,34,32,24,36,32,28,29,23,7,14,0,0,0,0,126,133
464,20210224,Houston,Cleveland,17,27,33,21,24,34,22,30,0,0,0,0,0,0,96,112
465,20210224,Golden State,Indiana,25,22,31,36,28,22,27,27,0,0,0,0,0,0,111,107
466,20210224,Toronto,Miami,35,32,21,34,29,26,23,24,0,0,0,0,0,0,108,116
467,20210224,Detroit,New Orleans,39,33,30,31,27,32,22,32,0,0,0,0,0,0,118,128
468,20210224,San Antonio,Oklahoma City,21,28,24,12,28,36,26,26,0,0,0,0,0,0,99,102
469,20210224,Charlotte,Phoenix,34,38,32,29,31,24,27,30,0,0,0,0,0,0,124,121
470,20210224,LA Lakers,Utah,23,24,24,39,17,27,25,24,0,0,0,0,0,0,89,114
471,20210225,Orlando,Brooklyn,28,24,19,41,25,27,20,37,0,0,0,0,0,0,92,129
472,20210225,Washington,Denver,26,22,30,32,32,34,24,22,0,0,0,0,0,0,112,110
473,20210225,LA Clippers,Memphis,27,24,26,37,22,28,19,33,0,0,0,0,0,0,94,122
474,20210225,New Orleans,Milwaukee,31,35,37,34,35,34,22,26,0,0,0,0,0,0,125,129
475,20210225,Sacramento,New York,29,38,33,39,32,24,27,39,0,0,0,0,0,0,121,140
476,20210225,Dallas,Philadelphia,22,23,21,36,25,27,29,25,0,0,0,0,0,0,97,111
477,20210226,Indiana,Boston,31,32,29,29,24,31,28,26,0,0,0,0,0,0,112,118
478,20210226,Phoenix,Chicago,26,26,20,32,28,23,32,16,0,0,0,0,0,0,106,97
479,20210226,Sacramento,Detroit,35,25,20,27,20,28,35,27,0,0,0,0,0,0,110,107
480,20210226,Charlotte,Golden State,28,36,23,30,33,37,37,27,0,0,0,0,0,0,121,130
481,20210226,Portland,LA Lakers,29,24,28,30,19,31,17,17,0,0,0,0,0,0,93,102
482,20210226,LA Clippers,Memphis,32,30,31,17,27,25,29,27,0,0,0,0,0,0,119,99
483,20210226,Utah,Miami,30,26,23,31,41,39,22,28,0,0,0,0,0,0,116,124
484,20210226,Atlanta,Oklahoma City,33,31,22,32,25,33,29,22,0,0,0,0,0,0,109,118
485,20210226,Houston,Toronto,31,30,28,37,21,28,31,27,0,0,0,0,0,0,111,122
486,20210227,Dallas,Brooklyn,38,26,30,38,26,18,21,16,0,0,0,0,0,0,115,98
487,20210227,Indiana,New York,32,23,20,31,26,27,29,29,0,0,0,0,0,0,107,110
488,20210227,Denver,Oklahoma City,38,20,27,23,34,26,27,27,0,0,0,0,0,0,126,96
489,20210227,Utah,Orlando,22,21,32,29,33,26,37,33,0,0,0,0,0,0,124,109
490,20210227,Cleveland,Philadelphia,28,23,28,24,16,23,20,22,20,17,0,0,0,0,112,109
491,20210227,New Orleans,San Antonio,32,33,29,34,22,26,31,24,0,0,0,0,0,0,114,117
492,20210227,Minnesota,Washington,29,27,23,27,29,44,31,30,0,0,0,0,0,0,112,128
493,20210228,Washington,Boston,28,33,27,27,21,19,34,32,0,0,0,0,0,0,110,111
494,20210228,New York,Detroit,25,20,23,17,35,27,26,26,0,0,0,0,0,0,109,90
495,20210228,Memphis,Houston,25,18,38,19,32,23,38,24,0,0,0,0,0,0,133,84
496,20210228,Golden State,LA Lakers,21,41,23,32,25,26,22,18,0,0,0,0,0,0,91,117
497,20210228,Atlanta,Miami,21,26,23,28,33,24,22,31,0,0,0,0,0,0,99,109
498,20210228,LA Clippers,Milwaukee,23,27,25,26,33,24,19,28,0,0,0,0,0,0,100,105
499,20210228,Phoenix,Minnesota,30,26,23,22,33,28,32,23,0,0,0,0,0,0,118,99
500,20210228,Charlotte,Sacramento,36,39,30,28,22,29,39,30,0,0,0,0,0,0,127,126
501,20210301,Denver,Chicago,37,25,25,30,27,32,29,25,0,0,0,0,0,0,118,112
502,20210301,Cleveland,Houston,34,29,17,21,23,20,27,20,0,0,0,0,0,0,101,90
503,20210301,Utah,New Orleans,23,26,41,33,24,40,36,30,0,0,0,0,0,0,124,129
504,20210301,Dallas,Orlando,29,33,32,25,34,28,35,38,0,0,0,0,0,0,130,124
505,20210301,Indiana,Philadelphia,32,33,23,39,22,33,37,25,0,0,0,0,0,0,114,130
506,20210301,Charlotte,Portland,33,27,26,32,24,33,28,31,0,0,0,0,0,0,111,123
507,20210301,Brooklyn,San Antonio,27,21,30,33,24,27,27,27,16,5,0,0,0,0,124,113
508,20210302,LA Clippers,Boston,32,35,31,27,26,26,23,29,0,0,0,0,0,0,112,117
509,20210302,Phoenix,LA Lakers,29,21,31,32,26,30,28,21,0,0,0,0,0,0,114,104
510,20210302,Atlanta,Miami,23,17,21,20,19,29,31,14,0,0,0,0,0,0,94,80
511,20210302,Denver,Milwaukee,37,23,27,27,35,30,29,17,0,0,0,0,0,0,128,97
512,20210302,New York,San Antonio,23,25,24,26,21,36,25,32,0,0,0,0,0,0,93,119
513,20210302,Memphis,Washington,35,33,36,23,25,22,29,33,0,0,0,0,0,0,125,111
514,20210303,Indiana,Cleveland,28,28,23,33,31,29,32,21,0,0,0,0,0,0,114,111
515,20210303,Oklahoma City,Dallas,23,25,19,24,19,26,17,12,0,0,0,0,0,0,78,87
516,20210303,Brooklyn,Houston,30,27,37,27,34,31,31,29,0,0,0,0,0,0,132,114
517,20210303,Charlotte,Minnesota,36,33,26,23,36,20,37,26,0,0,0,0,0,0,135,102
518,20210303,Chicago,New Orleans,26,25,38,20,32,34,32,45,0,0,0,0,0,0,128,124
519,20210303,Atlanta,Orlando,27,39,15,22,36,29,37,22,0,0,0,0,0,0,115,112
520,20210303,Utah,Philadelphia,34,26,27,26,28,32,29,34,5,13,0,0,0,0,123,131
521,20210303,Golden State,Portland,29,28,27,27,24,27,26,26,0,0,0,0,0,0,106,108
522,20210303,LA Lakers,Sacramento,31,23,30,40,27,24,32,36,0,0,0,0,0,0,120,123
523,20210303,Detroit,Toronto,43,37,26,23,29,20,31,25,0,0,0,0,0,0,129,105
524,20210304,Toronto,Boston,34,31,36,35,22,35,33,31,0,0,0,0,0,0,125,132
525,20210304,Denver,Indiana,28,29,33,23,21,22,31,29,0,0,0,0,0,0,113,103
526,20210304,Milwaukee,Memphis,31,17,30,34,23,33,28,27,0,0,0,0,0,0,112,111
527,20210304,Miami,New Orleans,31,15,24,30,22,25,26,23,0,0,0,0,0,0,103,93
528,20210304,Detroit,New York,27,33,19,26,28,34,30,21,0,0,0,0,0,0,104,114
529,20210304,Golden State,Phoenix,23,34,28,28,22,25,25,33,0,0,0,0,0,0,98,120
530,20210304,Sacramento,Portland,27,30,29,29,34,30,29,34,0,0,0,0,0,0,119,123
531,20210304,Oklahoma City,San Antonio,27,24,23,37,31,23,26,18,0,0,0,0,0,0,107,102
532,20210304,LA Clippers,Washington,22,25,39,29,26,33,30,32,0,0,0,0,0,0,117,119
533,20210310,San Antonio,Dallas,32,27,27,25,27,35,18,28,0,0,0,0,0,0,104,115
534,20210310,Washington,Memphis,26,35,36,32,23,27,27,33,0,0,0,0,0,0,112,127
535,20210311,Boston,Brooklyn,29,23,26,35,31,30,23,33,0,0,0,0,0,0,109,121
536,20210311,Philadelphia,Chicago,30,23,34,34,33,28,30,20,0,0,0,0,0,0,127,105
537,20210311,Detroit,Charlotte,22,30,17,18,33,25,30,32,0,0,0,0,0,0,102,105
538,20210311,Golden State,LA Clippers,26,28,17,31,25,45,36,26,0,0,0,0,0,0,104,130
539,20210311,Orlando,Miami,32,30,26,33,24,19,21,29,0,0,0,0,0,0,103,111
540,20210311,New York,Milwaukee,27,32,24,36,27,29,23,37,0,0,0,0,0,0,101,134
541,20210311,Minnesota,New Orleans,27,34,40,26,38,22,30,23,0,0,0,0,0,0,135,105
542,20210311,Dallas,Oklahoma City,19,35,28,27,27,27,34,27,0,0,0,0,0,0,108,116
543,20210311,Phoenix,Portland,30,33,30,27,30,34,37,27,0,0,0,0,0,0,127,121
544,20210311,Houston,Sacramento,33,35,18,30,30,30,24,30,0,0,0,0,0,0,105,125
545,20210311,Atlanta,Toronto,37,26,27,33,20,35,37,26,0,0,0,0,0,0,121,120
546,20210312,Miami,Chicago,29,21,13,21,28,26,31,22,0,0,0,0,0,0,101,90
547,20210312,Indiana,LA Lakers,28,20,26,26,25,25,21,34,0,0,0,0,0,0,100,105
548,20210312,Denver,Memphis,26,31,27,24,28,22,22,25,0,0,0,0,0,0,103,102
549,20210312,Cleveland,New Orleans,29,34,19,35,9,24,25,23,0,0,0,0,0,0,82,116
550,20210312,Orlando,San Antonio,29,16,10,31,25,27,13,30,0,0,0,0,0,0,77,104
551,20210312,Houston,Utah,27,36,21,29,31,27,20,22,0,0,0,0,0,0,99,114
552,20210312,Philadelphia,Washington,32,15,31,38,31,23,33,25,0,0,0,0,0,0,127,101
553,20210313,Sacramento,Atlanta,33,22,18,39,30,37,25,23,0,0,0,0,0,0,106,121
554,20210313,Detroit,Brooklyn,22,26,24,25,20,27,29,22,0,0,0,0,0,0,95,100
555,20210313,Toronto,Charlotte,24,44,28,23,21,31,31,16,0,0,0,0,0,0,104,114
556,20210313,Dallas,Denver,28,29,34,22,31,22,23,30,0,0,0,0,0,0,116,103
557,20210313,Portland,Minnesota,33,24,33,33,27,37,32,27,0,0,0,0,0,0,125,121
558,20210313,New York,Oklahoma City,22,31,34,23,32,24,31,19,0,0,0,0,0,0,119,97
559,20210313,Indiana,Phoenix,29,33,33,24,35,20,25,34,0,0,0,0,0,0,122,111
560,20210313,Milwaukee,Washington,36,33,28,32,30,30,31,24,0,0,0,0,0,0,125,119
561,20210314,Cleveland,Atlanta,22,26,24,23,20,20,16,31,0,0,0,0,0,0,82,100
562,20210314,Toronto,Chicago,22,28,27,30,24,27,22,33,0,0,0,0,0,0,95,118
563,20210314,Utah,Golden State,22,33,32,34,32,28,33,36,0,0,0,0,0,0,119,131
564,20210314,Boston,Houston,38,34,28,19,38,19,30,35,0,0,0,0,0,0,134,107
565,20210314,Portland,Minnesota,20,24,29,23,23,29,40,38,0,0,0,0,0,0,112,114
566,20210314,LA Clippers,New Orleans,24,36,33,31,26,43,32,25,0,0,0,0,0,0,115,135
567,20210314,Memphis,Oklahoma City,31,28,31,27,38,35,22,38,0,0,0,0,0,0,122,128
568,20210314,Miami,Orlando,22,19,26,26,25,32,29,20,0,0,0,0,0,0,102,97
569,20210314,San Antonio,Philadelphia,22,33,30,27,21,46,26,28,0,0,0,0,0,0,99,134
570,20210315,New York,Brooklyn,30,35,25,32,29,29,28,21,0,0,0,0,0,0,112,117
571,20210315,Sacramento,Charlotte,37,32,30,29,29,30,20,31,0,0,0,0,0,0,116,122
572,20210315,LA Clippers,Dallas,31,23,24,27,30,28,24,21,0,0,0,0,0,0,109,99
573,20210315,Indiana,Denver,32,32,24,33,35,22,15,34,0,0,0,0,0,0,106,121
574,20210315,San Antonio,Detroit,24,24,36,26,35,25,14,24,0,0,0,0,0,0,109,99
575,20210315,LA Lakers,Golden State,29,26,36,24,28,23,35,24,0,0,0,0,0,0,128,97
576,20210315,Memphis,Phoenix,25,24,27,36,25,36,22,26,0,0,0,0,0,0,99,122
577,20210315,Milwaukee,Washington,32,23,37,32,36,34,28,33,0,0,0,0,0,0,133,122
578,20210316,Utah,Boston,20,22,34,31,23,26,40,30,0,0,0,0,0,0,117,109
579,20210316,Oklahoma City,Chicago,28,42,35,29,16,31,23,21,0,0,0,0,0,0,102,123
580,20210316,Atlanta,Houston,35,22,38,36,20,34,26,15,0,0,0,0,0,0,119,107
581,20210316,Minnesota,LA Lakers,30,31,40,40,24,31,27,35,0,0,0,0,0,0,121,137
582,20210316,Cleveland,Miami,26,37,22,25,28,33,22,18,0,0,0,0,0,0,98,113
583,20210316,New York,Philadelphia,21,20,35,28,26,25,14,26,0,0,0,0,0,0,96,99
584,20210316,New Orleans,Portland,34,28,30,22,31,32,29,43,0,0,0,0,0,0,124,125
585,20210317,San Antonio,Chicago,17,31,23,27,27,22,39,19,0,0,0,0,0,0,106,99
586,20210317,Boston,Cleveland,18,26,20,29,36,27,36,35,0,0,0,0,0,0,110,117
587,20210317,LA Clippers,Dallas,29,24,22,32,20,21,18,28,0,0,0,0,0,0,89,105
588,20210317,Charlotte,Denver,25,26,20,31,22,38,37,34,0,0,0,0,0,0,104,129
589,20210317,Toronto,Detroit,31,37,27,26,23,25,31,28,0,0,0,0,0,0,112,116
590,20210317,Golden State,Houston,31,27,37,17,18,27,22,23,0,0,0,0,0,0,108,94
591,20210317,Brooklyn,Indiana,25,40,33,21,31,30,35,24,0,0,0,0,0,0,124,115
592,20210317,Miami,Memphis,22,25,25,21,16,26,22,17,0,0,0,0,0,0,85,89
593,20210317,Milwaukee,Philadelphia,18,25,13,20,34,29,28,19,16,12,0,0,0,0,109,105
594,20210317,Sacramento,Washington,34,38,32,28,36,27,19,26,0,0,0,0,0,0,121,119
595,20210318,Oklahoma City,Atlanta,21,31,20,30,26,30,26,25,0,0,0,0,0,0,93,116
596,20210318,Charlotte,LA Lakers,24,31,21,29,34,23,26,33,0,0,0,0,0,0,105,116
597,20210318,Orlando,New York,26,24,18,21,22,27,27,22,0,0,0,0,0,0,93,94
598,20210318,Minnesota,Phoenix,25,25,28,33,30,33,40,28,0,0,0,0,0,0,123,119
599,20210318,New Orleans,Portland,23,31,25,26,22,20,23,24,0,0,0,0,0,0,93,101
600,20210318,Utah,Washington,20,31,26,33,36,36,40,31,0,0,0,0,0,0,122,131
601,20210319,Sacramento,Boston,28,22,27,23,27,36,25,15,0,0,0,0,0,0,107,96
602,20210319,San Antonio,Cleveland,25,22,29,20,27,24,35,44,0,0,0,0,0,0,116,110
603,20210319,Chicago,Denver,30,20,25,27,34,34,27,35,11,15,0,0,0,0,127,131
604,20210319,Detroit,Houston,27,28,28,23,29,26,29,23,0,0,0,0,0,0,113,100
605,20210319,Golden State,Memphis,34,26,33,22,24,24,25,31,0,0,0,0,0,0,116,103
606,20210319,Indiana,Miami,32,30,36,28,31,24,38,28,0,0,0,0,0,0,137,110
607,20210319,Brooklyn,Orlando,29,35,33,29,22,39,29,18,0,0,0,0,0,0,113,121
608,20210319,Minnesota,Phoenix,29,34,25,30,24,19,23,30,0,0,0,0,0,0,101,113
609,20210319,Dallas,Portland,33,37,27,27,38,29,21,32,0,0,0,0,0,0,119,125
610,20210319,Utah,Toronto,23,27,32,27,24,23,36,35,0,0,0,0,0,0,115,112
611,20210320,Charlotte,LA Clippers,21,37,23,29,32,32,22,27,0,0,0,0,0,0,98,125
612,20210320,Atlanta,LA Lakers,28,25,24,28,22,12,25,29,0,0,0,0,0,0,99,94
613,20210320,Golden State,Memphis,24,28,27,21,28,33,24,29,0,0,0,0,0,0,103,111
614,20210320,San Antonio,Milwaukee,33,26,17,31,34,31,29,32,0,0,0,0,0,0,113,120
615,20210320,Sacramento,Philadelphia,21,42,31,31,28,33,25,23,0,0,0,0,0,0,105,129
616,20210321,Orlando,Boston,31,27,17,29,25,33,23,23,0,0,0,0,0,0,96,112
617,20210321,Washington,Brooklyn,30,25,26,38,27,25,23,25,0,0,0,0,0,0,106,113
618,20210321,Toronto,Cleveland,28,23,29,36,18,32,30,25,0,0,0,0,0,0,105,116
619,20210321,New Orleans,Denver,22,30,36,21,25,29,30,28,0,0,0,0,0,0,113,108
620,20210321,Chicago,Detroit,20,25,26,20,29,20,25,21,0,0,0,0,0,0,100,86
621,20210321,Oklahoma City,Houston,31,22,35,40,24,23,24,27,0,0,0,0,0,0,114,112
622,20210321,Indiana,Miami,32,26,25,23,22,21,19,28,11,8,0,0,0,0,109,106
623,20210321,Philadelphia,New York,23,15,20,27,21,22,24,24,13,12,0,0,0,0,101,100
624,20210321,LA Lakers,Phoenix,26,31,18,28,32,29,18,23,0,0,0,0,0,0,94,111
625,20210321,Dallas,Portland,27,30,38,24,38,15,29,23,0,0,0,0,0,0,132,92
626,20210322,Utah,Chicago,29,23,27,19,33,29,31,24,0,0,0,0,0,0,120,95
627,20210322,Sacramento,Cleveland,36,35,27,24,27,17,29,29,0,0,0,0,0,0,119,105
628,20210322,Toronto,Houston,28,27,32,38,26,23,13,29,0,0,0,0,0,0,99,117
629,20210322,Atlanta,LA Clippers,29,30,34,18,27,34,20,37,0,0,0,0,0,0,110,119
630,20210322,Boston,Memphis,30,24,35,36,21,34,31,23,9,15,0,0,0,0,126,132
631,20210322,Indiana,Milwaukee,26,48,34,35,34,27,19,30,0,0,0,0,0,0,113,140
632,20210322,Oklahoma City,Minnesota,25,22,32,28,26,26,29,27,0,0,0,0,0,0,112,103
633,20210322,Charlotte,San Antonio,31,21,24,24,19,24,26,28,0,0,0,0,0,0,100,97
634,20210323,Philadelphia,Golden State,35,17,24,28,21,40,28,13,0,0,0,0,0,0,108,98
635,20210323,Phoenix,Miami,25,20,33,23,27,30,25,27,0,0,0,0,0,0,110,100
636,20210323,LA Lakers,New Orleans,29,32,17,27,30,43,35,26,0,0,0,0,0,0,111,128
637,20210323,Washington,New York,31,39,18,30,31,39,33,23,0,0,0,0,0,0,113,131
638,20210323,Denver,Orlando,30,15,31,24,19,30,30,30,0,0,0,0,0,0,110,99
639,20210323,Brooklyn,Portland,37,41,28,25,27,25,24,21,0,0,0,0,0,0,116,112
640,20210324,Cleveland,Chicago,25,25,28,30,25,17,25,22,0,0,0,0,0,0,103,94
641,20210324,Charlotte,Houston,26,26,32,29,35,15,29,27,0,0,0,0,0,0,122,97
642,20210324,Detroit,Indiana,24,21,27,36,28,29,32,30,0,0,0,0,0,0,111,116
643,20210324,Boston,Milwaukee,30,35,29,35,27,30,33,21,0,0,0,0,0,0,119,121
644,20210324,Dallas,Minnesota,30,33,26,22,32,18,40,35,0,0,0,0,0,0,128,108
645,20210324,Memphis,Oklahoma City,26,21,23,32,33,20,34,34,0,0,0,0,0,0,116,107
646,20210324,Phoenix,Orlando,32,24,27,35,32,27,20,26,0,0,0,0,0,0,111,112
647,20210324,Atlanta,Sacramento,27,29,30,28,17,28,34,25,0,0,0,0,0,0,108,110
648,20210324,LA Clippers,San Antonio,41,29,26,24,35,31,32,17,0,0,0,0,0,0,134,101
649,20210324,Denver,Toronto,30,38,24,34,27,26,30,37,0,0,0,0,0,0,111,135
650,20210324,Brooklyn,Utah,17,38,21,25,23,27,27,28,0,0,0,0,0,0,88,118
651,20210325,Philadelphia,LA Lakers,27,24,27,30,35,17,20,30,0,0,0,0,0,0,109,101
652,20210325,Portland,Miami,31,24,28,34,32,33,34,31,0,0,0,0,0,0,125,122
653,20210325,Washington,New York,25,20,35,25,18,22,24,39,0,0,0,0,0,0,102,106
654,20210325,Golden State,Sacramento,37,35,24,37,25,34,33,35,0,0,0,0,0,0,119,141
655,20210325,LA Clippers,San Antonio,30,27,19,28,23,13,26,17,0,0,0,0,0,0,98,85
656,20210326,Miami,Charlotte,23,40,26,32,30,20,26,18,0,0,0,0,0,0,105,110
657,20210326,Indiana,Dallas,31,29,30,19,21,27,27,19,0,0,0,0,0,0,109,94
658,20210326,Brooklyn,Detroit,34,27,25,23,23,28,31,33,0,0,0,0,0,0,113,111
659,20210326,Atlanta,Golden State,33,26,37,26,30,32,24,24,0,0,0,0,0,0,124,108
660,20210326,Cleveland,LA Lakers,24,22,27,22,10,28,25,28,0,0,0,0,0,0,86,100
661,20210326,Boston,Milwaukee,32,26,28,29,43,34,19,25,0,0,0,0,0,0,122,114
662,20210326,Houston,Minnesota,29,33,34,21,28,22,10,31,0,0,0,0,0,0,101,107
663,20210326,Denver,New Orleans,26,33,28,30,31,23,28,22,0,0,0,0,0,0,113,108
664,20210326,Portland,Orlando,35,32,30,23,15,22,32,28,0,0,0,0,0,0,112,105
665,20210326,Phoenix,Toronto,29,28,24,23,30,26,21,23,0,0,0,0,0,0,104,100
666,20210326,Memphis,Utah,24,38,26,28,29,22,35,29,0,0,0,0,0,0,114,117
667,20210327,Philadelphia,LA Clippers,30,29,30,36,24,32,28,25,0,0,0,0,0,0,112,122
668,20210327,New York,Milwaukee,32,25,25,29,24,23,21,19,0,0,0,0,0,0,102,96
669,20210327,Houston,Minnesota,41,29,33,19,24,30,31,29,0,0,0,0,0,0,129,107
670,20210327,Dallas,New Orleans,20,35,33,18,25,27,25,32,0,0,0,0,0,0,103,112
671,20210327,Boston,Oklahoma City,21,25,26,27,29,28,35,14,0,0,0,0,0,0,111,94
672,20210327,Cleveland,Sacramento,29,31,19,18,26,22,24,29,0,0,0,0,0,0,98,100
673,20210327,Chicago,San Antonio,20,33,19,32,34,31,31,24,0,0,0,0,0,0,104,120
674,20210327,Memphis,Utah,19,39,34,31,29,30,28,26,0,0,0,0,0,0,110,126
675,20210327,Detroit,Washington,22,33,19,35,34,11,17,27,0,0,0,0,0,0,92,106
676,20210328,Phoenix,Charlotte,26,29,23,20,27,18,14,23,11,7,0,0,0,0,101,97
677,20210328,Atlanta,Denver,35,31,20,34,24,32,23,29,0,0,0,0,0,0,102,126
678,20210328,Orlando,LA Lakers,21,22,18,22,30,25,24,27,0,0,0,0,0,0,93,96
679,20210328,Portland,Toronto,32,41,36,33,23,10,31,33,0,0,0,0,0,0,122,117
680,20210329,New Orleans,Boston,32,27,32,28,24,26,27,28,0,0,0,0,0,0,115,109
681,20210329,Minnesota,Brooklyn,25,37,27,24,25,26,30,25,0,0,0,0,0,0,107,112
682,20210329,Toronto,Detroit,27,35,23,31,25,26,29,26,0,0,0,0,0,0,104,118
683,20210329,Chicago,Golden State,29,34,31,31,25,31,17,20,0,0,0,0,0,0,102,116
684,20210329,Memphis,Houston,23,27,34,30,33,34,30,19,0,0,0,0,0,0,120,110
685,20210329,Milwaukee,LA Clippers,38,26,17,31,31,39,19,33,0,0,0,0,0,0,105,129
686,20210329,Miami,New York,21,16,15,27,39,21,23,24,0,0,0,0,0,0,98,88
687,20210329,Dallas,Oklahoma City,33,24,38,39,29,20,27,23,0,0,0,0,0,0,127,106
688,20210329,Sacramento,San Antonio,27,31,41,29,29,31,35,24,0,0,0,0,0,0,132,115
689,20210329,Cleveland,Utah,18,27,16,26,18,37,23,24,0,0,0,0,0,0,75,114
690,20210329,Indiana,Washington,28,24,30,33,34,38,32,37,0,0,0,0,0,0,124,132
691,20210330,Philadelphia,Denver,22,44,23,24,26,20,24,16,0,0,0,0,0,0,95,104
692,20210330,Orlando,LA Clippers,13,26,24,25,33,22,33,23,0,0,0,0,0,0,103,96
693,20210330,Atlanta,Phoenix,27,30,25,34,33,25,25,28,0,0,0,0,0,0,110,117
694,20210330,Charlotte,Washington,32,29,32,27,25,25,25,23,0,0,0,0,0,0,114,104
695,20210331,Dallas,Boston,30,25,34,20,26,28,23,35,0,0,0,0,0,0,113,108
696,20210331,Houston,Brooklyn,42,29,26,28,19,29,21,34,0,0,0,0,0,0,108,120
697,20210331,Portland,Detroit,31,33,20,19,36,27,37,22,0,0,0,0,0,0,124,101
698,20210331,Miami,Indiana,23,28,20,17,22,22,27,20,0,0,0,0,0,0,92,87
699,20210331,Milwaukee,LA Lakers,24,30,33,19,32,26,23,22,0,0,0,0,0,0,112,97
700,20210331,Utah,Memphis,29,28,28,21,18,27,36,31,0,0,0,0,0,0,111,107
701,20210331,New York,Minnesota,26,19,25,31,30,20,20,32,0,0,0,0,0,0,101,102
702,20210331,Toronto,Oklahoma City,32,30,35,29,22,28,14,26,0,0,0,0,0,0,103,113
703,20210331,Chicago,Phoenix,37,39,21,28,28,27,30,27,0,0,0,0,0,0,116,121
704,20210331,Sacramento,San Antonio,27,33,26,36,29,28,24,23,0,0,0,0,0,0,106,120
705,20210401,Charlotte,Brooklyn,11,32,37,36,17,24,24,19,0,0,0,0,0,0,89,111
706,20210401,Philadelphia,Cleveland,31,31,27,25,27,17,29,21,0,0,0,0,0,0,114,94
707,20210401,Washington,Detroit,22,32,22,31,24,24,23,33,0,0,0,0,0,0,91,120
708,20210401,Denver,LA Clippers,31,20,31,29,19,21,20,24,0,0,0,0,0,0,101,94
709,20210401,Golden State,Miami,24,23,30,36,27,27,28,30,0,0,0,0,0,0,109,116
710,20210401,Orlando,New Orleans,27,26,25,19,19,31,30,25,14,9,0,0,0,0,115,110
711,20210401,Atlanta,San Antonio,32,22,22,26,30,32,26,30,9,9,15,10,0,0,134,129
712,20210402,Houston,Boston,25,33,19,19,26,30,32,36,0,0,0,0,0,0,102,118
713,20210402,Charlotte,Indiana,28,24,32,25,24,27,30,21,0,0,0,0,0,0,114,97
714,20210402,Minnesota,Memphis,28,30,38,38,18,24,24,28,0,0,0,0,0,0,108,120
715,20210402,Atlanta,New Orleans,28,34,27,20,39,25,32,24,0,0,0,0,0,0,126,103
716,20210402,Dallas,New York,22,25,27,21,23,23,27,17,0,0,0,0,0,0,99,86
717,20210402,Oklahoma City,Phoenix,13,43,37,30,26,30,27,37,0,0,0,0,0,0,103,140
718,20210402,Milwaukee,Portland,34,21,26,32,37,20,30,36,0,0,0,0,0,0,127,109
719,20210402,LA Lakers,Sacramento,29,27,36,26,26,23,24,18,0,0,0,0,0,0,115,94
720,20210402,Golden State,Toronto,26,27,16,35,14,46,21,22,0,0,0,0,0,0,77,130
721,20210402,Chicago,Utah,25,26,24,32,24,30,33,25,0,0,0,0,0,0,106,113
722,20210403,New York,Detroit,41,15,19,26,28,20,37,20,0,0,0,0,0,0,125,81
723,20210403,Cleveland,Miami,27,36,27,31,19,17,28,31,0,0,0,0,0,0,101,115
724,20210403,Minnesota,Philadelphia,29,26,31,38,23,33,30,25,0,0,0,0,0,0,113,122
725,20210403,Oklahoma City,Portland,19,35,27,30,13,39,26,29,0,0,0,0,0,0,85,133
726,20210403,Milwaukee,Sacramento,31,28,30,29,38,34,30,37,0,0,0,0,0,0,129,128
727,20210403,Indiana,San Antonio,32,33,35,26,31,38,28,29,13,7,0,0,0,0,139,133
728,20210403,Orlando,Utah,20,38,20,40,32,29,19,30,0,0,0,0,0,0,91,137
729,20210403,Dallas,Washington,24,19,28,28,23,20,34,20,0,0,0,0,0,0,109,87
730,20210404,Golden State,Atlanta,24,24,35,33,23,22,29,38,0,0,0,0,0,0,111,117
731,20210404,Charlotte,Boston,26,25,17,33,27,40,16,18,0,0,0,0,0,0,86,116
732,20210404,Brooklyn,Chicago,28,25,18,32,26,32,35,26,0,0,0,0,0,0,107,115
733,20210404,Orlando,Denver,29,23,36,24,21,38,23,34,0,0,0,0,0,0,109,119
734,20210404,New Orleans,Houston,38,27,32,32,19,33,33,23,0,0,0,0,0,0,122,115
735,20210404,LA Lakers,LA Clippers,20,27,18,26,17,24,31,27,0,0,0,0,0,0,86,104
736,20210404,Memphis,Philadelphia,29,22,23,20,45,29,19,29,0,0,0,0,0,0,116,100
737,20210405,New York,Brooklyn,34,31,33,26,21,32,24,25,0,0,0,0,0,0,112,114
738,20210405,Utah,Dallas,25,27,17,23,27,37,34,24,0,0,0,0,0,0,103,111
739,20210405,Phoenix,Houston,34,34,36,26,31,32,32,38,0,0,0,0,0,0,133,130
740,20210405,Sacramento,Minnesota,29,26,26,29,27,27,24,34,0,0,0,0,0,0,106,116
741,20210405,Detroit,Oklahoma City,30,19,28,28,35,30,39,31,0,0,0,0,0,0,132,108
742,20210405,Cleveland,San Antonio,28,26,29,21,43,33,25,21,0,0,0,0,0,0,125,101
743,20210405,Washington,Toronto,28,19,33,32,25,24,15,28,0,0,0,0,0,0,101,103
744,20210406,New Orleans,Atlanta,29,25,32,36,29,46,17,16,0,0,0,0,0,0,107,123
745,20210406,Philadelphia,Boston,25,24,34,22,26,24,21,26,0,0,0,0,0,0,106,96
746,20210406,Detroit,Denver,32,39,24,37,30,33,33,25,0,0,0,0,0,0,119,134
747,20210406,Milwaukee,Golden State,26,28,24,25,38,30,33,39,0,0,0,0,0,0,121,122
748,20210406,Chicago,Indiana,30,28,32,21,35,25,16,23,0,0,0,0,0,0,113,97
749,20210406,Portland,LA Clippers,32,47,34,26,23,28,27,32,0,0,0,0,0,0,116,133
750,20210406,Memphis,Miami,37,34,26,23,33,32,28,23,0,0,0,0,0,0,124,112
751,20210406,LA Lakers,Toronto,40,28,28,14,22,28,20,31,0,0,0,0,0,0,110,101
752,20210407,Memphis,Atlanta,29,34,38,30,43,23,21,26,0,0,0,0,0,0,131,113
753,20210407,New York,Boston,19,21,27,26,27,23,26,31,0,0,0,0,0,0,99,101
754,20210407,New Orleans,Brooklyn,33,36,26,43,23,36,29,24,0,0,0,0,0,0,111,139
755,20210407,San Antonio,Denver,32,30,18,24,24,27,22,25,0,0,0,0,0,0,96,106
756,20210407,Dallas,Houston,23,24,19,23,22,28,29,27,0,0,0,0,0,0,93,102
757,20210407,Minnesota,Indiana,31,35,25,42,38,32,43,32,0,0,0,0,0,0,137,141
758,20210407,Charlotte,Oklahoma City,32,29,24,22,29,26,28,25,0,0,0,0,0,0,113,102
759,20210407,Washington,Orlando,34,33,39,27,27,30,31,26,0,0,0,0,0,0,131,116
760,20210407,Utah,Phoenix,21,20,19,31,38,26,24,25,11,15,0,0,0,0,113,117
761,20210408,Milwaukee,Dallas,31,29,25,26,28,25,17,36,0,0,0,0,0,0,101,116
762,20210408,Phoenix,LA Clippers,23,27,33,27,25,29,22,30,0,0,0,0,0,0,103,113
763,20210408,LA Lakers,Miami,27,32,29,22,24,29,24,27,0,0,0,0,0,0,104,110
764,20210408,Cleveland,Oklahoma City,38,38,27,23,28,14,36,27,0,0,0,0,0,0,129,102
765,20210408,Detroit,Sacramento,27,23,35,21,27,30,24,27,0,0,0,0,0,0,113,101
766,20210408,Chicago,Toronto,33,27,31,24,33,28,25,34,0,0,0,0,0,0,122,113
767,20210408,Portland,Utah,29,30,27,23,19,40,28,29,0,0,0,0,0,0,103,122
768,20210409,Chicago,Atlanta,33,25,33,28,18,33,24,34,0,0,0,0,0,0,108,120
769,20210409,Minnesota,Boston,39,25,27,32,31,35,27,32,12,21,0,0,0,0,136,145
770,20210409,San Antonio,Denver,26,36,24,25,33,35,36,25,0,0,0,0,0,0,119,121
771,20210409,Washington,Golden State,32,23,25,27,28,29,25,28,0,0,0,0,0,0,110,107
772,20210409,Houston,LA Clippers,36,26,10,41,37,27,26,32,0,0,0,0,0,0,109,126
773,20210409,Charlotte,Milwaukee,32,27,34,28,34,26,27,38,0,0,0,0,0,0,127,119
774,20210409,Philadelphia,New Orleans,22,23,28,27,18,26,26,25,0,0,0,0,0,0,94,101
775,20210409,Memphis,New York,35,23,25,28,30,32,24,31,15,19,0,0,0,0,129,133
776,20210409,Indiana,Orlando,33,30,31,21,19,27,28,28,0,0,0,0,0,0,111,106
777,20210410,LA Lakers,Brooklyn,33,25,28,33,31,19,34,24,0,0,0,0,0,0,126,101
778,20210410,Toronto,Cleveland,47,26,40,28,13,29,35,32,0,0,0,0,0,0,135,115
779,20210410,Houston,Golden State,30,32,18,33,32,29,29,31,0,0,0,0,0,0,109,125
780,20210410,Philadelphia,Oklahoma City,37,25,29,28,24,23,27,17,0,0,0,0,0,0,117,93
781,20210410,Washington,Phoenix,29,27,26,30,24,44,27,33,0,0,0,0,0,0,106,134
782,20210410,Detroit,Portland,23,33,27,26,26,36,27,23,0,0,0,0,0,0,103,118
783,20210410,Sacramento,Utah,31,34,34,25,24,36,23,33,0,0,0,0,0,0,112,128
784,20210411,Atlanta,Charlotte,33,20,19,25,23,32,30,24,0,0,0,0,0,0,105,101
785,20210411,New Orleans,Cleveland,29,39,33,29,28,26,26,15,0,0,0,0,0,0,116,109
786,20210411,San Antonio,Dallas,26,26,25,30,37,33,31,28,0,0,0,0,0,0,119,117
787,20210411,Boston,Denver,16,27,29,24,29,28,31,8,0,0,0,0,0,0,105,87
788,20210411,Detroit,LA Clippers,35,30,27,33,37,31,25,37,0,0,0,0,0,0,124,131
789,20210411,Indiana,Memphis,45,31,29,32,32,34,26,28,0,0,0,0,0,0,132,125
790,20210411,Chicago,Minnesota,26,29,29,37,32,25,30,30,0,0,0,0,0,0,117,121
791,20210411,Toronto,New York,16,27,26,29,34,22,20,24,0,0,0,0,0,0,96,102
792,20210411,Milwaukee,Orlando,32,19,25,19,28,29,39,20,0,0,0,0,0,0,124,87
793,20210411,Miami,Portland,25,31,31,17,33,23,18,27,0,0,0,0,0,0,107,98
794,20210412,Philadelphia,Dallas,30,26,30,22,28,21,25,26,0,0,0,0,0,0,113,95
795,20210412,Denver,Golden State,32,33,29,23,22,43,24,17,0,0,0,0,0,0,107,116
796,20210412,Chicago,Memphis,22,22,25,26,27,22,16,31,0,0,0,0,0,0,90,101
797,20210412,Sacramento,New Orleans,19,31,26,37,29,18,36,31,0,0,0,0,0,0,110,117
798,20210412,LA Lakers,New York,28,26,24,29,16,26,28,30,0,0,0,0,0,0,96,111
799,20210412,San Antonio,Orlando,28,16,32,21,29,24,31,36,0,0,0,0,0,0,120,97
800,20210412,Houston,Phoenix,29,38,29,43,30,22,32,23,0,0,0,0,0,0,120,126
801,20210412,Washington,Utah,33,42,37,23,28,23,27,33,0,0,0,0,0,0,125,121
802,20210413,LA Lakers,Charlotte,25,22,27,28,24,16,25,27,0,0,0,0,0,0,101,93
803,20210413,LA Clippers,Indiana,31,34,36,31,33,32,26,18,0,0,0,0,0,0,126,115
804,20210413,Brooklyn,Minnesota,33,25,40,27,31,22,23,23,0,0,0,0,0,0,127,97
805,20210413,Miami,Phoenix,34,26,16,30,22,27,14,23,0,0,0,0,0,0,86,106
806,20210413,Boston,Portland,30,38,27,22,35,27,24,28,0,0,0,0,0,0,116,115
807,20210413,Atlanta,Toronto,28,27,38,27,24,24,18,25,0,0,0,0,0,0,108,103
808,20210413,Oklahoma City,Utah,31,22,22,33,16,33,27,18,0,0,0,0,0,0,96,106
809,20210414,Orlando,Chicago,32,22,22,31,39,19,22,34,0,0,0,0,0,0,115,106
810,20210414,Cleveland,Charlotte,27,23,22,18,26,25,28,24,0,0,0,0,0,0,103,90
811,20210414,Miami,Denver,31,26,18,34,30,36,27,27,0,0,0,0,0,0,106,123
812,20210414,LA Clippers,Detroit,30,27,23,22,20,28,27,21,0,0,0,0,0,0,100,98
813,20210414,Indiana,Houston,33,24,42,31,31,39,26,30,0,0,0,0,0,0,132,124
814,20210414,Dallas,Memphis,32,34,25,26,26,29,31,24,0,0,0,0,0,0,114,113
815,20210414,Milwaukee,Minnesota,24,19,37,25,45,35,24,26,0,0,0,0,0,0,130,105
816,20210414,New York,New Orleans,26,26,27,26,40,37,23,17,0,0,0,0,0,0,116,106
817,20210414,Golden State,Oklahoma City,36,32,39,22,50,29,22,26,0,0,0,0,0,0,147,109
818,20210414,Brooklyn,Philadelphia,28,32,30,33,26,29,33,29,0,0,0,0,0,0,117,123
819,20210414,Washington,Sacramento,42,31,28,29,23,23,30,28,0,0,0,0,0,0,123,111
820,20210414,San Antonio,Toronto,32,30,25,28,25,27,30,32,0,0,0,0,0,0,112,117
821,20210415,Milwaukee,Atlanta,33,29,31,23,30,30,26,27,0,0,0,0,0,0,120,109
822,20210415,Golden State,Cleveland,28,31,35,21,26,27,30,22,0,0,0,0,0,0,119,101
823,20210415,Boston,LA Lakers,31,23,30,25,30,31,30,34,0,0,0,0,0,0,121,113
824,20210415,Sacramento,Phoenix,28,33,37,34,29,28,20,27,0,0,0,0,0,0,114,122
825,20210416,Charlotte,Brooklyn,35,29,26,32,28,33,26,36,0,0,0,0,0,0,115,130
826,20210416,Memphis,Chicago,33,33,24,24,37,28,32,30,0,0,0,0,0,0,126,115
827,20210416,New York,Dallas,34,25,22,27,27,27,34,30,0,0,0,0,0,0,117,109
828,20210416,Oklahoma City,Detroit,32,25,24,31,23,30,25,24,0,0,0,0,0,0,104,110
829,20210416,Denver,Houston,35,28,34,21,31,30,28,20,0,0,0,0,0,0,128,99
830,20210416,Miami,Minnesota,37,26,24,35,32,27,18,31,0,0,0,0,0,0,111,119
831,20210416,LA Clippers,Philadelphia,20,31,27,28,30,22,26,25,0,0,0,0,0,0,103,106
832,20210416,Portland,San Antonio,28,31,20,26,35,28,24,21,0,0,0,0,0,0,107,106
833,20210416,Orlando,Toronto,24,24,27,23,19,38,32,28,0,0,0,0,0,0,102,113
834,20210416,Indiana,Utah,32,24,37,32,20,33,22,30,0,0,0,0,0,0,111,119
835,20210416,New Orleans,Washington,29,30,32,32,28,24,16,19,10,12,0,0,0,0,115,117
836,20210417,Golden State,Boston,33,24,33,36,23,29,25,30,0,0,0,0,0,0,114,119
837,20210417,Cleveland,Chicago,24,29,25,18,21,33,26,26,0,0,0,0,0,0,96,106
838,20210417,Utah,LA Lakers,35,34,27,31,20,29,28,16,5,17,0,0,0,0,115,127
839,20210417,Memphis,Milwaukee,35,31,34,28,31,30,28,26,0,0,0,0,0,0,128,115
840,20210417,San Antonio,Phoenix,28,19,36,26,23,23,24,17,0,0,0,0,0,0,111,85
841,20210417,Detroit,Washington,27,27,28,34,25,32,20,28,0,0,0,0,0,0,100,121
842,20210418,Indiana,Atlanta,23,35,34,31,33,28,27,35,0,0,0,0,0,0,117,129
843,20210418,Portland,Charlotte,24,44,27,21,21,28,29,16,0,0,0,0,0,0,101,109
844,20210418,Sacramento,Dallas,22,20,45,30,20,27,34,30,0,0,0,0,0,0,121,107
845,20210418,Minnesota,LA Clippers,26,29,27,43,16,32,36,20,0,0,0,0,0,0,105,124
846,20210418,Brooklyn,Miami,31,32,29,32,24,22,23,23,0,0,0,0,0,0,107,109
847,20210418,New Orleans,New York,25,21,19,36,35,22,24,24,9,19,0,0,0,0,112,122
848,20210418,Houston,Orlando,28,28,25,31,32,18,29,33,0,0,0,0,0,0,114,110
849,20210418,Oklahoma City,Toronto,31,28,28,24,21,29,26,31,0,0,0,0,0,0,106,112
850,20210419,Chicago,Boston,24,30,18,18,32,18,28,30,0,0,0,0,0,0,102,96
851,20210419,Memphis,Denver,35,27,25,29,35,31,21,29,9,9,12,14,0,0,137,139
852,20210419,Cleveland,Detroit,22,37,31,25,23,22,29,25,0,0,0,0,0,0,105,109
853,20210419,San Antonio,Indiana,36,21,19,23,27,22,27,28,0,0,0,0,0,0,109,94
854,20210419,Utah,LA Lakers,29,23,23,19,33,23,26,32,0,0,0,0,0,0,111,97
855,20210419,Houston,Miami,28,30,27,24,19,35,17,24,0,0,0,0,0,0,91,113
856,20210419,Phoenix,Milwaukee,24,25,31,29,28,36,33,26,12,11,0,0,0,0,128,127
857,20210419,Golden State,Philadelphia,24,24,31,31,20,15,32,26,0,0,0,0,0,0,107,96
858,20210419,Oklahoma City,Washington,25,38,33,26,21,24,28,31,0,0,0,0,0,0,107,119
859,20210420,Orlando,Atlanta,24,27,24,38,24,15,24,32,0,0,0,0,0,0,96,112
860,20210420,Brooklyn,New Orleans,26,29,31,30,36,33,41,37,0,0,0,0,0,0,134,129
861,20210420,Charlotte,New York,33,30,33,30,16,31,15,18,0,0,0,0,0,0,97,109
862,20210420,LA Clippers,Portland,30,31,26,29,30,22,27,30,0,0,0,0,0,0,113,112
863,20210420,Minnesota,Sacramento,39,43,35,31,25,29,35,17,0,0,0,0,0,0,134,120
864,20210421,Chicago,Cleveland,12,34,32,27,28,38,33,22,0,0,0,0,0,0,105,121
865,20210421,Detroit,Dallas,36,33,22,34,32,33,27,27,0,0,0,0,0,0,117,127
866,20210421,Utah,Houston,34,27,27,16,30,20,21,26,0,0,0,0,0,0,112,89
867,20210421,Oklahoma City,Indiana,28,34,29,33,29,26,30,29,0,0,0,0,0,0,116,122
868,20210421,Memphis,LA Clippers,39,24,23,29,20,34,23,30,0,0,0,0,0,0,105,117
869,20210421,Atlanta,New York,39,34,30,33,28,23,25,32,5,15,0,0,0,0,127,137
870,20210421,Phoenix,Philadelphia,28,29,26,25,23,22,39,37,0,0,0,0,0,0,116,113
871,20210421,Denver,Portland,35,36,25,21,22,27,24,21,0,0,0,0,0,0,106,105
872,20210421,Minnesota,Sacramento,34,44,25,26,39,25,27,33,0,0,0,0,0,0,125,128
873,20210421,Miami,San Antonio,27,27,24,26,26,19,30,15,0,0,0,0,0,0,107,87
874,20210421,Brooklyn,Toronto,36,23,22,33,23,36,22,22,0,0,0,0,0,0,103,114
875,20210421,Golden State,Washington,20,38,38,22,35,26,21,32,0,0,0,0,0,0,114,118
876,20210422,Phoenix,Boston,21,26,16,27,28,24,21,22,0,0,0,0,0,0,86,99
877,20210422,Charlotte,Chicago,23,34,21,24,23,30,24,20,0,0,0,0,0,0,91,108
878,20210422,LA Lakers,Dallas,26,31,25,31,39,32,20,21,0,0,0,0,0,0,110,115
879,20210422,Philadelphia,Milwaukee,26,40,34,37,27,31,30,16,0,0,0,0,0,0,117,124
880,20210422,New Orleans,Orlando,29,27,45,25,34,18,27,30,0,0,0,0,0,0,135,100
881,20210422,Detroit,San Antonio,25,26,22,31,23,25,21,24,0,0,0,0,0,0,91,106
882,20210423,Miami,Atlanta,30,31,31,31,28,33,14,23,0,0,0,0,0,0,103,118
883,20210423,Boston,Brooklyn,25,21,26,39,22,28,31,21,0,0,0,0,0,0,104,109
884,20210423,Cleveland,Charlotte,20,22,35,26,23,30,24,30,0,0,0,0,0,0,102,108
885,20210423,Denver,Golden State,24,30,26,24,24,32,23,32,0,0,0,0,0,0,97,118
886,20210423,LA Clippers,Houston,37,36,28,25,11,19,33,24,0,0,0,0,0,0,109,104
887,20210423,Washington,Oklahoma City,36,35,34,33,30,22,29,19,0,0,0,0,0,0,129,109
888,20210423,Memphis,Portland,28,23,34,33,38,43,30,29,0,0,0,0,0,0,130,128
889,20210424,LA Lakers,Dallas,26,23,32,23,21,33,14,29,0,0,0,0,0,0,93,108
890,20210424,Houston,Denver,26,36,24,36,32,30,34,27,0,0,0,0,0,0,116,129
891,20210424,Detroit,Indiana,25,35,36,23,21,26,27,31,0,0,0,0,0,0,109,115
892,20210424,Chicago,Miami,18,33,23,28,22,19,38,26,0,0,0,0,0,0,101,106
893,20210424,Philadelphia,Milwaukee,17,26,23,24,23,36,31,46,0,0,0,0,0,0,94,132
894,20210424,San Antonio,New Orleans,31,24,30,28,24,32,25,24,0,0,0,0,0,0,110,108
895,20210424,Toronto,New York,26,30,33,34,24,24,20,32,0,0,0,0,0,0,103,120
896,20210424,Minnesota,Utah,26,40,26,18,30,16,19,22,0,0,0,0,0,0,101,96
897,20210425,Milwaukee,Atlanta,29,26,22,17,27,27,26,41,0,0,0,0,0,0,104,111
898,20210425,Phoenix,Brooklyn,32,27,29,32,31,38,27,31,0,0,0,0,0,0,119,128
899,20210425,Boston,Charlotte,23,33,29,30,36,37,16,25,0,0,0,0,0,0,104,125
900,20210425,Sacramento,Golden State,39,32,26,31,27,31,21,23,0,0,0,0,0,0,113,117
901,20210425,Indiana,Orlando,36,25,26,32,41,20,28,35,0,0,0,0,0,0,131,112
902,20210425,Memphis,Portland,23,20,35,27,32,31,30,35,0,0,0,0,0,0,120,113
903,20210425,Cleveland,Washington,32,27,28,36,33,24,17,32,0,0,0,0,0,0,110,119
904,20210426,Memphis,Denver,18,21,35,37,22,27,21,35,0,0,0,0,0,0,96,120
905,20210426,Atlanta,Detroit,23,27,21,28,23,19,19,26,0,0,0,0,0,0,86,100
906,20210426,Chicago,Miami,20,26,32,27,24,29,34,20,0,0,0,0,0,0,110,102
907,20210426,Utah,Minnesota,33,17,14,32,23,34,34,22,0,0,0,0,0,0,104,105
908,20210426,LA Clippers,New Orleans,20,33,28,29,30,33,25,25,0,0,0,0,0,0,103,120
909,20210426,Phoenix,New York,29,36,27,27,31,24,31,23,0,0,0,0,0,0,118,110
910,20210426,LA Lakers,Orlando,28,16,22,40,29,24,35,23,0,0,0,0,0,0,114,103
911,20210426,Oklahoma City,Philadelphia,26,34,19,26,21,33,24,28,0,0,0,0,0,0,90,121
912,20210426,Dallas,Sacramento,17,31,35,28,33,28,21,26,0,0,0,0,0,0,106,113
913,20210426,Cleveland,Toronto,23,33,25,16,22,32,26,31,0,0,0,0,0,0,96,112
914,20210426,San Antonio,Washington,38,34,27,28,30,33,38,38,13,10,0,0,0,0,146,143
915,20210427,Oklahoma City,Boston,29,24,26,25,23,29,41,37,0,0,0,0,0,0,119,115
916,20210427,Milwaukee,Charlotte,33,28,29,17,25,35,27,24,0,0,0,0,0,0,114,104
917,20210427,Dallas,Golden State,36,12,26,17,41,35,30,39,0,0,0,0,0,0,133,103
918,20210427,Minnesota,Houston,28,23,31,27,19,29,36,28,0,0,0,0,0,0,114,107
919,20210427,Portland,Indiana,34,35,39,27,40,16,20,34,0,0,0,0,0,0,133,112
920,20210427,Brooklyn,Toronto,26,28,30,24,24,31,36,20,0,0,0,0,0,0,116,103
921,20210428,Charlotte,Boston,19,39,28,19,33,30,31,32,0,0,0,0,0,0,111,120
922,20210428,Orlando,Cleveland,26,16,24,28,32,17,27,43,0,0,0,0,0,0,109,104
923,20210428,New Orleans,Denver,25,35,26,25,27,27,34,27,0,0,0,0,0,0,112,114
924,20210428,Portland,Memphis,38,23,36,23,28,37,28,26,0,0,0,0,0,0,130,109
925,20210428,San Antonio,Miami,20,31,34,24,20,27,37,34,0,0,0,0,0,0,111,116
926,20210428,Chicago,New York,19,32,29,20,27,24,19,37,0,0,0,0,0,0,94,113
927,20210428,Atlanta,Philadelphia,17,37,22,30,24,26,20,34,0,0,0,0,0,0,83,127
928,20210428,LA Clippers,Phoenix,31,39,22,24,27,23,21,23,0,0,0,0,0,0,101,109
929,20210428,Utah,Sacramento,30,27,46,17,40,30,38,31,0,0,0,0,0,0,154,105
930,20210428,LA Lakers,Washington,35,31,20,30,22,29,30,26,0,0,0,0,0,0,107,116
931,20210429,Toronto,Denver,33,30,24,29,28,28,26,34,0,0,0,0,0,0,111,121
932,20210429,Dallas,Detroit,26,26,34,28,26,29,29,22,0,0,0,0,0,0,115,105
933,20210429,Milwaukee,Houston,38,29,35,36,25,39,38,39,0,0,0,0,0,0,136,143
934,20210429,Brooklyn,Indiana,35,28,31,24,45,41,19,20,0,0,0,0,0,0,130,113
935,20210429,Golden State,Minnesota,25,35,33,25,33,29,23,37,0,0,0,0,0,0,114,126
936,20210429,New Orleans,Oklahoma City,31,20,29,23,19,25,30,27,0,0,0,0,0,0,109,95
937,20210430,San Antonio,Boston,39,16,38,32,26,42,25,38,12,15,0,0,0,0,140,143
938,20210430,Portland,Brooklyn,23,25,36,32,35,24,34,28,0,0,0,0,0,0,128,109
939,20210430,Milwaukee,Chicago,28,16,24,28,28,19,28,35,0,0,0,0,0,0,108,98
940,20210430,Washington,Cleveland,35,30,23,22,33,16,31,25,0,0,0,0,0,0,122,93
941,20210430,Sacramento,LA Lakers,30,23,25,33,23,32,32,18,0,0,0,0,0,0,110,106
942,20210430,Orlando,Memphis,20,19,23,20,15,36,17,17,0,0,0,0,0,0,75,92
943,20210430,Atlanta,Philadelphia,26,23,20,42,31,29,27,32,0,0,0,0,0,0,104,126
944,20210430,Utah,Phoenix,23,39,29,29,20,28,28,25,0,0,0,0,0,0,100,121
945,20210501,Chicago,Atlanta,26,31,37,23,12,28,22,26,0,0,0,0,0,0,97,108
946,20210501,Detroit,Charlotte,18,26,24,32,28,21,24,28,0,0,0,0,0,0,94,107
947,20210501,Miami,Cleveland,29,36,38,24,32,26,25,21,0,0,0,0,0,0,124,107
948,20210501,Washington,Dallas,26,38,39,32,32,19,27,36,0,0,0,0,0,0,124,125
949,20210501,Golden State,Houston,22,24,27,31,39,12,25,20,0,0,0,0,0,0,113,87
950,20210501,Denver,LA Clippers,27,28,25,19,31,26,27,31,0,0,0,0,0,0,110,104
951,20210501,New Orleans,Minnesota,38,30,27,35,33,32,25,26,17,13,0,0,0,0,140,136
952,20210501,Indiana,Oklahoma City,42,29,40,17,44,24,26,25,0,0,0,0,0,0,152,95
953,20210501,Memphis,Orlando,36,29,24,17,25,30,26,36,0,0,0,0,0,0,111,112
954,20210501,Toronto,Utah,33,29,29,27,27,29,13,21,0,0,0,0,0,0,102,106
955,20210502,Portland,Boston,34,32,37,39,32,27,26,21,0,0,0,0,0,0,129,119
956,20210502,Miami,Charlotte,35,32,30,26,35,22,21,31,0,0,0,0,0,0,121,111
957,20210502,Sacramento,Dallas,36,26,25,28,26,18,24,27,0,0,0,0,0,0,111,99
958,20210502,New York,Houston,34,24,25,20,34,27,29,26,0,0,0,0,0,0,122,97
959,20210502,Toronto,LA Lakers,32,38,40,21,27,25,22,30,0,0,0,0,0,0,121,114
960,20210502,Brooklyn,Milwaukee,37,28,22,34,31,28,24,27,0,0,0,0,0,0,114,117
961,20210502,Phoenix,Oklahoma City,27,33,37,24,34,28,25,35,0,0,0,0,0,0,123,120
962,20210502,Philadelphia,San Antonio,37,27,24,25,28,27,18,28,6,4,0,0,0,0,113,111
963,20210503,Portland,Atlanta,31,32,31,36,33,34,19,21,0,0,0,0,0,0,114,123
964,20210503,Philadelphia,Chicago,34,20,26,23,23,20,23,31,0,0,0,0,0,0,106,94
965,20210503,Orlando,Detroit,21,26,30,22,37,30,31,34,0,0,0,0,0,0,119,112
966,20210503,Denver,LA Lakers,24,20,18,25,23,25,24,23,0,0,0,0,0,0,89,93
967,20210503,New York,Memphis,25,22,44,36,28,22,21,24,0,0,0,0,0,0,118,104
968,20210503,Golden State,New Orleans,39,21,27,33,29,26,28,28,0,0,0,0,0,0,123,108
969,20210503,San Antonio,Utah,22,31,21,29,29,29,27,21,0,0,0,0,0,0,99,110
970,20210503,Indiana,Washington,31,36,35,46,36,40,39,32,0,0,0,0,0,0,141,154
971,20210504,Phoenix,Cleveland,30,24,29,29,31,35,24,26,20,4,0,0,0,0,134,118
972,20210504,Charlotte,Detroit,30,28,23,21,25,23,24,27,0,0,0,0,0,0,102,99
973,20210504,Toronto,LA Clippers,30,26,24,22,28,34,18,23,0,0,0,0,0,0,100,105
974,20210504,Dallas,Miami,30,39,33,15,35,23,29,36,0,0,0,0,0,0,127,113
975,20210504,Brooklyn,Milwaukee,33,34,25,32,36,26,24,32,0,0,0,0,0,0,118,124
976,20210504,Golden State,New Orleans,34,32,23,24,22,19,24,33,0,0,0,0,0,0,103,108
977,20210504,Sacramento,Oklahoma City,25,20,31,26,25,23,22,30,0,0,0,0,0,0,103,99
978,20210505,Phoenix,Atlanta,38,42,27,25,23,30,15,38,0,0,0,0,0,0,103,135
979,20210505,Portland,Cleveland,29,28,38,29,35,23,39,25,0,0,0,0,0,0,141,105
980,20210505,New York,Denver,12,34,31,30,26,25,28,24,0,0,0,0,0,0,97,113
981,20210505,Philadelphia,Houston,39,30,36,33,33,28,27,24,0,0,0,0,0,0,135,115
982,20210505,Sacramento,Indiana,30,26,26,21,29,21,19,25,0,0,0,0,0,0,104,93
983,20210505,Washington,Milwaukee,37,29,34,42,24,32,39,32,0,0,0,0,0,0,134,135
984,20210505,Memphis,Minnesota,33,29,40,34,34,40,32,32,0,0,0,0,0,0,139,135
985,20210505,Boston,Orlando,39,27,24,18,37,30,32,21,0,0,0,0,0,0,132,96
986,20210505,San Antonio,Utah,26,38,16,28,21,34,31,26,0,0,0,0,0,0,94,126
987,20210506,Chicago,Charlotte,34,24,25,29,37,21,24,25,0,0,0,0,0,0,120,99
988,20210506,Brooklyn,Dallas,32,37,30,26,21,19,26,31,0,0,0,0,0,0,109,113
989,20210506,Memphis,Detroit,32,31,17,27,21,20,27,33,0,0,0,0,0,0,97,111
990,20210506,Oklahoma City,Golden State,24,31,25,30,23,27,25,30,0,0,0,0,0,0,97,118
991,20210506,Atlanta,Indiana,26,36,32,36,38,38,30,23,0,0,0,0,0,0,126,133
992,20210506,LA Lakers,LA Clippers,20,29,22,36,29,27,23,26,0,0,0,0,0,0,94,118
993,20210506,Washington,Toronto,31,33,20,27,31,26,33,29,16,14,0,0,0,0,131,129
994,20210507,Boston,Chicago,28,30,18,30,28,34,25,27,0,0,0,0,0,0,99,121
995,20210507,Orlando,Charlotte,31,26,31,34,27,34,23,28,0,0,0,0,0,0,112,122
996,20210507,Cleveland,Dallas,19,33,18,29,28,24,25,24,0,0,0,0,0,0,90,110
997,20210507,Minnesota,Miami,32,28,22,31,24,30,34,32,0,0,0,0,0,0,112,121
998,20210507,Houston,Milwaukee,34,34,29,30,29,43,41,34,0,0,0,0,0,0,133,141
999,20210507,New Orleans,Philadelphia,21,32,33,38,37,18,16,21,0,0,0,0,0,0,107,109
1000,20210507,New York,Phoenix,33,30,30,26,25,34,17,38,0,0,0,0,0,0,105,128
1001,20210507,LA Lakers,Portland,22,34,33,25,23,23,23,24,0,0,0,0,0,0,101,106
1002,20210507,San Antonio,Sacramento,25,21,27,28,26,32,35,23,0,0,0,0,0,0,113,104
1003,20210507,Denver,Utah,41,40,32,29,26,29,21,29,0,0,0,0,0,0,120,127
1004,20210508,Brooklyn,Denver,24,37,32,34,41,33,28,15,0,0,0,0,0,0,125,119
1005,20210508,Oklahoma City,Golden State,25,37,23,36,19,33,30,30,0,0,0,0,0,0,97,136
1006,20210508,Washington,Indiana,33,32,30,30,29,39,32,23,9,8,0,0,0,0,133,132
1007,20210508,Detroit,Philadelphia,17,34,26,22,30,33,31,29,0,0,0,0,0,0,104,118
1008,20210508,San Antonio,Portland,26,27,21,30,28,33,27,34,0,0,0,0,0,0,102,124
1009,20210508,Memphis,Toronto,26,26,21,20,34,26,28,27,0,0,0,0,0,0,109,99
1010,20210508,Houston,Utah,32,32,28,34,23,30,33,28,0,0,0,0,0,0,116,124
1011,20210509,Miami,Boston,36,23,43,30,26,31,25,40,0,0,0,0,0,0,130,124
1012,20210509,New Orleans,Charlotte,34,25,23,42,32,29,23,14,0,0,0,0,0,0,112,110
1013,20210509,Dallas,Cleveland,39,30,25,23,34,19,26,25,0,0,0,0,0,0,124,97
1014,20210509,Chicago,Detroit,28,18,29,21,26,29,25,28,0,0,0,0,0,0,108,96
1015,20210509,New York,LA Clippers,26,29,30,25,23,20,27,26,0,0,0,0,0,0,106,100
1016,20210509,Phoenix,LA Lakers,19,30,28,29,30,39,33,25,0,0,0,0,0,0,110,123
1017,20210509,Minnesota,Orlando,34,19,40,25,33,25,21,27,0,0,0,0,0,0,128,96
1018,20210509,Oklahoma City,Sacramento,25,33,26,38,20,35,27,20,0,0,0,0,0,0,98,126
1019,20210510,Washington,Atlanta,32,34,30,27,17,35,45,29,0,0,0,0,0,0,124,125
1020,20210510,Indiana,Cleveland,27,28,26,32,26,17,32,25,0,0,0,0,0,0,111,102
1021,20210510,Utah,Golden State,30,31,19,23,26,35,41,30,0,0,0,0,0,0,116,119
1022,20210510,New Orleans,Memphis,31,36,28,35,29,15,22,29,0,0,0,0,0,0,110,115
1023,20210510,Houston,Portland,33,50,30,29,37,32,29,29,0,0,0,0,0,0,129,140
1024,20210510,Milwaukee,San Antonio,36,45,28,42,29,26,32,33,0,0,0,0,0,0,125,146
1025,20210511,Miami,Boston,28,28,34,28,31,23,36,42,0,0,0,0,0,0,129,121
1026,20210511,Brooklyn,Chicago,32,23,32,28,29,23,22,33,0,0,0,0,0,0,115,107
1027,20210511,Denver,Charlotte,38,26,25,34,28,26,26,26,0,0,0,0,0,0,117,112
1028,20210511,Minnesota,Detroit,30,20,32,20,24,25,33,35,0,0,0,0,0,0,119,100
1029,20210511,Phoenix,Golden State,38,29,28,29,32,34,18,30,0,0,0,0,0,0,116,122
1030,20210511,Philadelphia,Indiana,33,26,29,25,13,24,19,28,0,0,0,0,0,0,94,103
1031,20210511,New York,LA Lakers,25,24,31,31,20,18,15,18,8,10,0,0,0,0,99,101
1032,20210511,Dallas,Memphis,27,28,30,32,25,36,22,37,0,0,0,0,0,0,104,133
1033,20210511,Orlando,Milwaukee,22,29,26,30,23,20,31,35,0,0,0,0,0,0,102,114
1034,20210511,Oklahoma City,Sacramento,32,27,33,35,18,41,23,19,0,0,0,0,0,0,106,122
1035,20210511,LA Clippers,Toronto,27,19,33,33,25,19,30,25,0,0,0,0,0,0,115,96
1036,20210512,Washington,Atlanta,30,35,29,21,32,27,25,37,0,0,0,0,0,0,116,120
1037,20210512,San Antonio,Brooklyn,20,35,31,22,30,39,35,32,0,0,0,0,0,0,116,128
1038,20210512,Boston,Cleveland,17,22,22,20,30,25,25,35,0,0,0,0,0,0,94,102
1039,20210512,New Orleans,Dallas,30,32,28,45,22,34,27,14,0,0,0,0,0,0,107,125
1040,20210512,Houston,LA Lakers,26,34,27,25,43,41,26,24,0,0,0,0,0,0,122,124
1041,20210512,Portland,Utah,24,31,35,25,25,20,21,22,0,0,0,0,0,0,105,98
1042,20210513,Orlando,Atlanta,16,29,25,32,30,32,22,23,0,0,0,0,0,0,93,116
1043,20210513,Toronto,Chicago,27,30,20,36,29,22,26,26,0,0,0,0,0,0,102,114
1044,20210513,LA Clippers,Charlotte,31,23,13,24,40,30,29,13,0,0,0,0,0,0,113,90
1045,20210513,Milwaukee,Indiana,39,38,30,28,40,30,33,37,0,0,0,0,0,0,142,133
1046,20210513,Sacramento,Memphis,32,36,28,23,23,30,27,27,0,0,0,0,0,0,110,116
1047,20210513,Philadelphia,Miami,22,38,19,22,26,29,27,17,0,0,0,0,0,0,94,106
1048,20210513,Denver,Minnesota,35,26,28,26,29,37,22,14,0,0,0,0,0,0,114,103
1049,20210513,San Antonio,New York,18,20,25,26,34,27,21,29,0,0,0,0,0,0,98,102
1050,20210513,Portland,Phoenix,26,26,27,26,24,33,40,33,0,0,0,0,0,0,117,118
1051,20210514,Toronto,Dallas,26,31,26,35,31,26,27,22,0,0,0,0,0,0,110,114
1052,20210514,Denver,Detroit,29,25,28,28,30,21,17,17,0,0,0,0,0,0,104,91
1053,20210514,New Orleans,Golden State,32,41,25,34,33,24,32,26,0,0,0,0,0,0,122,125
1054,20210514,LA Clippers,Houston,33,30,36,43,24,32,22,17,0,0,0,0,0,0,115,122
1055,20210514,Sacramento,Memphis,25,29,32,24,19,26,30,28,0,0,0,0,0,0,106,107
1056,20210514,Utah,Oklahoma City,30,20,31,27,31,19,17,27,0,0,0,0,0,0,109,93
1057,20210514,Orlando,Philadelphia,24,27,19,39,26,30,28,26,0,0,0,0,0,0,97,122
1058,20210514,Cleveland,Washington,33,31,23,27,20,33,29,29,0,0,0,0,0,0,105,120
1059,20210515,Chicago,Brooklyn,29,28,22,33,20,18,20,26,0,0,0,0,0,0,91,105
1060,20210515,LA Lakers,Indiana,36,28,28,28,32,32,26,27,0,0,0,0,0,0,122,115
1061,20210515,Miami,Milwaukee,28,44,23,26,30,29,27,23,0,0,0,0,0,0,108,122
1062,20210515,Boston,Minnesota,37,26,29,21,23,27,35,34,0,0,0,0,0,0,124,108
1063,20210515,Charlotte,New York,27,36,27,27,32,26,18,15,5,14,0,0,0,0,109,118
1064,20210515,Phoenix,San Antonio,34,17,34,30,41,23,31,33,0,0,0,0,0,0,140,103
1065,20210516,Houston,Atlanta,33,36,21,36,18,27,23,25,0,0,0,0,0,0,95,124
1066,20210516,Cleveland,Brooklyn,24,34,32,33,20,32,33,24,0,0,0,0,0,0,109,123
1067,20210516,Milwaukee,Chicago,23,33,31,22,31,36,27,27,0,0,0,0,0,0,112,118
1068,20210516,Miami,Detroit,32,13,37,34,26,24,25,36,0,0,0,0,0,0,120,107
1069,20210516,Memphis,Golden State,29,30,20,25,20,31,32,27,0,0,0,0,0,0,101,113
1070,20210516,Dallas,Minnesota,22,38,38,38,35,37,26,23,0,0,0,0,0,0,121,136
1071,20210516,LA Lakers,New Orleans,36,28,27,31,28,17,19,22,0,0,0,0,0,0,110,98
1072,20210516,Boston,New York,24,23,15,31,26,23,27,19,0,0,0,0,0,0,92,96
1073,20210516,LA Clippers,Oklahoma City,26,35,34,27,28,24,24,31,0,0,0,0,0,0,112,117
1074,20210516,Orlando,Philadelphia,26,32,39,28,25,39,27,29,0,0,0,0,0,0,117,128
1075,20210516,Denver,Portland,22,43,33,29,29,35,32,25,0,0,0,0,0,0,116,132
1076,20210516,Utah,Sacramento,28,25,36,24,33,24,24,26,0,0,0,0,0,0,121,99
1077,20210516,Phoenix,San Antonio,27,23,25,38,37,24,34,36,0,0,0,0,0,0,123,121
1078,20210516,Indiana,Toronto,31,30,37,25,26,28,31,30,0,0,0,0,0,0,125,113
1079,20210516,Charlotte,Washington,36,22,20,30,34,27,20,36,0,0,0,0,0,0,110,115
1080,20210518,Washington,Boston,21,27,33,25,26,38,20,28,0,0,0,0,0,0,100,118
1081,20210518,Charlotte,Indiana,24,40,21,29,33,39,39,36,0,0,0,0,0,0,117,144
1082,20210519,Golden State,LA Lakers,28,22,27,20,24,35,21,26,0,0,0,0,0,0,100,103
1083,20210519,San Antonio,Memphis,19,38,30,18,16,16,31,28,0,0,0,0,0,0,96,100
1084,20210520,Indiana,Washington,29,30,23,36,31,48,32,28,0,0,0,0,0,0,115,142
1085,20210521,Memphis,Golden State,30,29,32,20,16,24,21,26,18,13,0,0,0,0,117,112
1086,20210522,Boston,Brooklyn,21,16,32,31,20,31,20,26,0,0,0,0,0,0,93,104
1087,20210522,Portland,Denver,35,30,23,31,38,25,27,23,0,0,0,0,0,0,123,109
1088,20210522,Dallas,LA Clippers,33,30,27,25,26,25,27,23,0,0,0,0,0,0,113,103
1089,20210522,Miami,Milwaukee,24,22,26,31,28,27,21,19,8,10,0,0,0,0,107,109
1090,20210523,Atlanta,New York,24,16,28,34,19,23,36,32,0,0,0,0,0,0,107,105
1091,20210523,Washington,Philadelphia,28,27,34,34,31,38,25,26,0,0,0,0,0,0,118,125
1092,20210523,LA Lakers,Phoenix,25,32,20,21,23,28,22,18,0,0,0,0,0,0,90,99
1093,20210523,Memphis,Utah,17,24,32,19,34,31,29,35,0,0,0,0,0,0,112,109
1094,20210524,Portland,Denver,25,31,36,42,26,28,22,27,0,0,0,0,0,0,109,128
1095,20210524,Miami,Milwaukee,20,46,31,32,27,29,20,25,0,0,0,0,0,0,98,132
1096,20210525,Boston,Brooklyn,26,40,21,31,35,38,26,21,0,0,0,0,0,0,108,130
1097,20210525,Dallas,LA Clippers,35,33,36,40,30,19,26,29,0,0,0,0,0,0,127,121
1098,20210525,LA Lakers,Phoenix,30,24,23,23,26,25,30,30,0,0,0,0,0,0,109,102
1099,20210526,Atlanta,New York,27,20,30,24,18,32,17,25,0,0,0,0,0,0,92,101
1100,20210526,Washington,Philadelphia,24,35,33,36,23,23,15,26,0,0,0,0,0,0,95,120
1101,20210526,Memphis,Utah,27,36,27,38,43,29,32,38,0,0,0,0,0,0,129,141
1102,20210527,Phoenix,LA Lakers,28,27,12,16,23,33,32,33,0,0,0,0,0,0,95,109
1103,20210527,Milwaukee,Miami,26,14,23,22,37,24,27,24,0,0,0,0,0,0,113,84
1104,20210527,Denver,Portland,39,30,25,29,20,20,36,36,0,0,0,0,0,0,120,115
1105,20210528,New York,Atlanta,31,29,13,29,28,28,22,19,0,0,0,0,0,0,94,105
1106,20210528,Brooklyn,Boston,32,33,25,28,27,35,35,29,0,0,0,0,0,0,119,125
1107,20210528,LA Clippers,Dallas,31,34,32,27,26,25,29,22,0,0,0,0,0,0,118,108
1108,20210529,Utah,Memphis,34,22,28,29,34,34,25,26,0,0,0,0,0,0,121,111
1109,20210529,Milwaukee,Miami,22,26,35,38,34,21,29,18,0,0,0,0,0,0,120,103
1110,20210529,Denver,Portland,24,32,23,25,19,36,29,22,0,0,0,0,0,0,95,115
1111,20210529,Philadelphia,Washington,36,28,36,30,37,28,23,17,0,0,0,0,0,0,132,103
1112,20210530,New York,Atlanta,26,25,23,28,22,35,25,25,0,0,0,0,0,0,96,113
1113,20210530,Brooklyn,Boston,33,34,40,26,39,31,29,35,0,0,0,0,0,0,141,126
1114,20210530,LA Clippers,Dallas,31,22,30,23,21,15,24,21,0,0,0,0,0,0,106,81
1115,20210530,Phoenix,LA Lakers,23,24,31,26,27,15,19,27,0,0,0,0,0,0,100,92
1116,20210531,Utah,Memphis,34,31,25,23,41,33,20,26,0,0,0,0,0,0,120,113
1117,20210531,Philadelphia,Washington,31,28,30,32,19,32,34,30,0,0,0,0,0,0,114,122
1118,20210601,Boston,Brooklyn,24,31,27,28,28,27,30,37,0,0,0,0,0,0,109,123
1119,20210601,Portland,Denver,25,38,37,27,32,27,27,29,14,14,5,12,0,0,140,147
1120,20210601,LA Lakers,Phoenix,26,34,10,32,27,26,22,23,0,0,0,0,0,0,85,115
1121,20210602,Dallas,LA Clippers,35,28,21,26,33,21,16,25,0,0,0,0,0,0,105,100
1122,20210602,Atlanta,New York,21,21,31,26,22,15,29,27,0,0,0,0,0,0,103,89
1123,20210602,Washington,Philadelphia,29,29,34,36,31,38,18,26,0,0,0,0,0,0,112,129
1124,20210602,Memphis,Utah,27,47,24,28,25,31,34,20,0,0,0,0,0,0,110,126
1125,20210603,Phoenix,LA Lakers,36,14,26,27,27,35,24,24,0,0,0,0,0,0,113,100
1126,20210603,Denver,Portland,29,33,32,35,37,33,28,14,0,0,0,0,0,0,126,115
1127,20210604,LA Clippers,Dallas,26,28,22,17,25,32,31,20,0,0,0,0,0,0,104,97
1128,20210605,Milwaukee,Brooklyn,32,30,29,33,23,35,23,17,0,0,0,0,0,0,107,115
1129,20210606,Dallas,LA Clippers,38,35,24,35,23,30,26,26,0,0,0,0,0,0,111,126
1130,20210606,Atlanta,Philadelphia,42,27,32,27,25,29,29,41,0,0,0,0,0,0,128,124
1131,20210607,Milwaukee,Brooklyn,19,36,22,29,24,30,21,30,0,0,0,0,0,0,86,125
1132,20210607,Denver,Phoenix,28,28,30,29,21,31,26,34,0,0,0,0,0,0,105,122
1133,20210608,Atlanta,Philadelphia,20,33,35,24,29,34,18,27,0,0,0,0,0,0,102,118
1134,20210608,LA Clippers,Utah,25,18,35,29,19,32,30,33,0,0,0,0,0,0,109,112
1135,20210609,Denver,Phoenix,21,25,21,27,25,34,31,37,0,0,0,0,0,0,98,123
1136,20210610,Brooklyn,Milwaukee,11,30,31,15,23,22,18,19,0,0,0,0,0,0,83,86
1137,20210610,LA Clippers,Utah,29,30,24,36,33,27,25,24,0,0,0,0,0,0,111,117
1138,20210611,Philadelphia,Atlanta,28,20,33,36,34,19,32,36,0,0,0,0,0,0,127,111
1139,20210611,Phoenix,Denver,37,27,22,28,31,21,26,26,0,0,0,0,0,0,116,102
1140,20210612,Utah,LA Clippers,23,27,26,37,34,30,23,38,0,0,0,0,0,0,106,132
1141,20210613,Phoenix,Denver,28,22,35,33,33,28,29,35,0,0,0,0,0,0,125,118
1142,20210613,Brooklyn,Milwaukee,26,23,22,30,21,28,27,26,0,0,0,0,0,0,96,107
1143,20210614,Philadelphia,Atlanta,28,20,34,29,20,31,18,23,0,0,0,0,0,0,100,103
1144,20210614,Utah,LA Clippers,13,30,31,38,29,26,31,24,0,0,0,0,0,0,104,118
1145,20210615,Milwaukee,Brooklyn,29,15,30,28,28,38,21,33,0,0,0,0,0,0,108,114
1146,20210616,Atlanta,Philadelphia,24,38,16,24,29,25,40,19,0,0,0,0,0,0,109,106
1147,20210616,LA Clippers,Utah,36,37,24,28,32,18,27,28,0,0,0,0,0,0,119,111
1148,20210617,Brooklyn,Milwaukee,19,26,29,33,19,19,22,26,0,0,0,0,0,0,89,104
1149,20210618,Philadelphia,Atlanta,22,29,25,22,33,25,24,23,0,0,0,0,0,0,104,99
1150,20210618,Utah,LA Clippers,33,31,39,19,22,41,25,40,0,0,0,0,0,0,119,131
1151,20210619,Milwaukee,Brooklyn,25,28,22,25,35,28,27,28,6,2,0,0,0,0,115,111
1152,20210620,Atlanta,Philadelphia,25,28,23,18,28,25,27,25,0,0,0,0,0,0,103,96
1153,20210620,LA Clippers,Phoenix,21,21,33,36,39,36,21,27,0,0,0,0,0,0,114,120
1154,20210622,LA Clippers,Phoenix,22,25,25,23,24,27,32,29,0,0,0,0,0,0,103,104
1155,20210623,Atlanta,Milwaukee,25,28,29,31,34,26,28,28,0,0,0,0,0,0,116,113
1156,20210624,Phoenix,LA Clippers,21,29,27,17,21,34,23,26,0,0,0,0,0,0,92,106
1157,20210625,Atlanta,Milwaukee,28,34,17,43,18,26,28,22,0,0,0,0,0,0,91,125
1158,20210626,Phoenix,LA Clippers,29,20,21,16,19,30,15,14,0,0,0,0,0,0,84,80
1159,20210627,Milwaukee,Atlanta,27,32,29,24,27,29,30,17,0,0,0,0,0,0,113,102
1160,20210628,LA Clippers,Phoenix,36,26,23,26,32,26,25,24,0,0,0,0,0,0,116,102
1161,20210629,Milwaukee,Atlanta,22,25,16,26,24,36,26,23,0,0,0,0,0,0,88,110
1162,20210630,Phoenix,LA Clippers,33,29,33,28,31,26,33,20,0,0,0,0,0,0,130,103
1163,20210701,Atlanta,Milwaukee,22,36,34,29,22,26,34,32,0,0,0,0,0,0,112,123
1164,20210703,Milwaukee,Atlanta,28,24,19,19,44,29,27,35,0,0,0,0,0,0,118,107
1165,20210706,Milwaukee,Phoenix,26,30,23,27,27,35,29,26,0,0,0,0,0,0,105,118
1166,20210708,Milwaukee,Phoenix,29,26,16,30,33,32,30,30,0,0,0,0,0,0,108,118
1167,20210711,Phoenix,Milwaukee,28,25,17,35,31,38,24,22,0,0,0,0,0,0,100,120
