,Team,Year,W,L,PW,PL,MOV,SOS,SRS,ORtg,DRtg,Pace,FTr,3PAr,eFG%,TOV%,ORB%,FT/FGA,OPP eFG%,OPP TOV%,OPP DRB%,OPP FT/FGA,Arena,Attendance,LG W,LG L,LG PW,LG PL,LG MOV,LG SOS,LG SRS,LG ORtg,LG DRtg,LG Pace,LG FTr,LG 3PAr,LG eFG%,LG TOV%,LG ORB%,LG FT/FGA,LG OPP eFG%,LG OPP TOV%,LG OPP DRB%,LG OPP FT/FGA,LG Arena,LG Attendance,MP/G,FG/G,FGA/G,FG%/G,3P/G,3PA/G,3P%/G,2P/G,2PA/G,2P%/G,FT/G,FTA/G,FT%/G,ORB/G,DRB/G,TRB/G,AST/G,STL/G,BLK/G,TOV/G,PF/G,PTS/G,LG MP/G,LG FG/G,LG FGA/G,LG FG%/G,LG 3P/G,LG 3PA/G,LG 3P%/G,LG 2P/G,LG 2PA/G,LG 2P%/G,LG FT/G,LG FTA/G,LG FT%/G,LG ORB/G,LG DRB/G,LG TRB/G,LG AST/G,LG STL/G,LG BLK/G,LG TOV/G,LG PF/G,LG PTS/G,OPP MP/G,OPP FG/G,OPP FGA/G,OPP FG%/G,OPP 3P/G,OPP 3PA/G,OPP 3P%/G,OPP 2P/G,OPP 2PA/G,OPP 2P%/G,OPP FT/G,OPP FTA/G,OPP FT%/G,OPP ORB/G,OPP DRB/G,OPP TRB/G,OPP AST/G,OPP STL/G,OPP BLK/G,OPP TOV/G,OPP PF/G,OPP PTS/G,LG OPP MP/G,LG OPP FG/G,LG OPP FGA/G,LG OPP FG%/G,LG OPP 3P/G,LG OPP 3PA/G,LG OPP 3P%/G,LG OPP 2P/G,LG OPP 2PA/G,LG OPP 2P%/G,LG OPP FT/G,LG OPP FTA/G,LG OPP FT%/G,LG OPP ORB/G,LG OPP DRB/G,LG OPP TRB/G,LG OPP AST/G,LG OPP STL/G,LG OPP BLK/G,LG OPP TOV/G,LG OPP PF/G,LG OPP PTS/G
0,ATL,2017,43,39,39,43,-0.85,-0.38,-1.23,104.9,105.7,97.4,0.295,0.309,0.504,14.2,23.6,0.215,0.507,13.8,76.1,0.179,Philips Arena,"654,306",11,19,19,19,19.0,25.0,20.0,27.0,4.0,10.0,4.0,15.0,19.0,28.0,15.0,13.0,8.0,3.0,19.0,5.0,None,26,242.4,38.1,84.4,0.451,8.9,26.1,0.341,29.2,58.3,0.501,18.1,24.9,0.728,10.3,34.1,44.3,23.6,8.2,4.8,15.8,18.2,103.2,4,23,22,18.0,20,16,23.0,18,17,14.0,13,5,28.0,14,10,9,10,7,14,28,6,22,242.4,38.8,87.3,0.444,10.9,30.5,0.35700000000000004,27.9,56.7,0.491,15.6,20.2,0.772,10.7,33.2,43.9,23.4,9.0,5.2,15.4,21.6,104.0,4,13,23,5.0,28,29,16.0,6,9,6.0,4,4,16.0,22,15,16,19,29,22,2,3,10
1,BOS,2017,53,29,48,34,2.63,-0.39,2.25,111.2,108.4,96.8,0.273,0.39299999999999996,0.525,12.2,21.2,0.22,0.503,12.6,75.3,0.223,TD Garden,"760,690",4,27,8,8,8.0,26.0,8.0,8.0,13.0,13.0,17.0,3.0,9.0,9.0,25.0,9.0,5.0,17.0,27.0,23.0,None,12,240.9,38.6,85.1,0.45399999999999996,12.0,33.4,0.359,26.6,51.7,0.515,18.7,23.2,0.807,9.1,32.9,42.0,25.2,7.5,4.1,13.3,20.6,108.0,25,21,18,16.0,3,3,14.0,28,28,8.0,10,15,3.0,22,22,27,4,18,23,8,21,7,240.9,38.6,85.8,0.45,9.0,27.0,0.332,29.7,58.8,0.505,19.1,24.9,0.769,10.8,33.8,44.5,22.6,7.6,5.2,13.9,20.3,105.4,25,12,15,9.0,7,14,2.0,14,13,19.0,25,25,9.0,25,20,25,12,17,23,17,11,15
2,BRK,2017,20,62,24,58,-6.73,-0.01,-6.74,104.1,110.7,101.3,0.289,0.371,0.507,14.7,19.6,0.228,0.513,11.6,76.1,0.212,Barclays Center,"632,608",30,1,28,28,29.0,14.0,30.0,28.0,23.0,1.0,7.0,4.0,17.0,29.0,28.0,6.0,17.0,28.0,18.0,15.0,None,28,240.9,37.8,85.2,0.444,10.7,31.6,0.33799999999999997,27.1,53.6,0.506,19.4,24.6,0.7879999999999999,8.8,35.1,43.9,21.4,7.2,4.7,16.5,21.0,105.8,25,25,17,24.0,6,4,26.0,25,25,11.0,4,7,9.0,26,1,10,20,21,18,29,25,12,240.9,41.6,90.8,0.45799999999999996,10.0,27.2,0.366,31.7,63.6,0.498,19.3,25.0,0.772,11.0,36.2,47.2,23.0,9.5,5.6,13.3,20.4,112.5,25,29,30,18.0,20,17,21.0,29,30,10.0,26,26,15.0,27,29,29,16,30,30,21,9,29
3,CHO,2017,36,46,42,40,0.2,-0.26,-0.07,108.8,108.6,95.7,0.27899999999999997,0.335,0.501,10.7,19.9,0.22699999999999998,0.523,12.1,79.6,0.16399999999999998,Spectrum Center,"710,643",20,11,15,15,15.0,20.0,15.0,14.0,14.0,19.0,12.0,8.0,23.0,1.0,27.0,7.0,23.0,22.0,2.0,1.0,None,17,241.8,37.7,85.4,0.442,10.0,28.6,0.35100000000000003,27.7,56.7,0.488,19.4,23.8,0.815,8.8,34.8,43.6,23.1,7.0,4.8,11.5,16.6,104.9,10,26,15,26.0,11,9,18.0,22,21,27.0,5,10,1.0,26,4,16,11,27,17,1,1,16,241.8,39.5,86.5,0.456,11.6,31.4,0.369,27.9,55.1,0.506,14.2,18.2,0.7759999999999999,8.9,35.5,44.4,24.5,6.6,5.5,13.1,19.9,104.7,10,18,21,15.0,30,30,25.0,7,5,21.0,1,1,21.0,3,26,22,28,2,28,23,15,13
4,CHI,2017,41,41,42,40,0.43,-0.39,0.03,107.4,107.0,95.3,0.259,0.256,0.48700000000000004,12.3,27.0,0.20600000000000002,0.507,12.4,76.8,0.16899999999999998,United Center,"888,882",15,14,14,14,14.0,27.0,14.0,20.0,6.0,20.0,21.0,28.0,30.0,10.0,4.0,19.0,10.0,20.0,11.0,2.0,None,1,241.2,38.6,87.1,0.444,7.6,22.3,0.34,31.0,64.8,0.479,18.0,22.5,0.7979999999999999,12.2,34.1,46.3,22.6,7.8,4.8,13.6,17.7,102.9,18,20,8,25.0,28,29,24.0,6,3,29.0,15,19,6.0,2,9,3,14,15,16,12,2,23,241.2,39.5,86.6,0.456,8.9,25.9,0.345,30.5,60.7,0.503,14.6,19.0,0.77,10.3,32.9,43.2,23.6,7.3,4.6,13.4,18.8,102.4,18,17,22,14.0,6,9,6.0,24,24,16.0,2,2,11.0,17,12,13,23,10,12,20,25,6
5,CLE,2017,51,31,49,33,3.18,-0.31,2.87,113.6,110.3,96.2,0.275,0.39899999999999997,0.547,12.6,21.9,0.20600000000000002,0.516,11.4,75.8,0.174,Quicken Loans Arena,"843,042",5,23,7,7,7.0,24.0,7.0,3.0,21.0,15.0,15.0,2.0,2.0,14.0,20.0,20.0,18.0,29.0,22.0,3.0,None,2,242.4,39.9,84.9,0.47,13.0,33.9,0.384,26.9,51.0,0.528,17.5,23.3,0.748,9.3,34.4,43.7,22.7,6.6,4.0,13.7,18.1,110.3,4,5,19,5.0,2,2,2.0,27,29,3.0,19,13,23.0,21,7,12,13,30,25,14,4,4,242.4,40.6,88.8,0.45799999999999996,10.4,28.7,0.361,30.3,60.1,0.504,15.5,20.0,0.773,11.0,33.2,44.2,24.7,7.3,4.3,12.6,20.6,107.2,4,26,26,16.0,26,24,18.0,22,22,17.0,3,3,20.0,27,16,20,29,8,8,28,6,20
6,DAL,2017,33,49,33,49,-2.93,0.4,-2.53,105.6,108.8,92.2,0.225,0.366,0.505,11.6,18.1,0.18,0.529,14.4,77.6,0.218,American Airlines Center,"811,366",22,9,23,23,23.0,7.0,23.0,25.0,15.0,29.0,29.0,5.0,18.0,3.0,30.0,28.0,27.0,1.0,7.0,20.0,None,4,241.2,36.2,82.3,0.44,10.7,30.2,0.355,25.5,52.2,0.489,14.8,18.5,0.8009999999999999,7.9,30.7,38.6,20.8,7.5,3.7,11.9,19.1,97.9,18,30,27,29.0,5,6,16.0,30,27,25.0,29,30,4.0,30,30,30,27,19,30,2,9,30,241.2,37.0,79.0,0.469,9.6,25.3,0.38,27.4,53.7,0.51,17.2,22.3,0.772,8.9,35.6,44.5,21.3,6.5,3.4,14.9,19.4,100.8,18,4,2,27.0,12,7,29.0,2,3,23.0,10,11,18.0,2,27,24,5,1,2,6,21,4
7,DEN,2017,40,42,42,40,0.51,0.19,0.7,113.2,112.7,98.3,0.276,0.32899999999999996,0.53,13.2,27.3,0.214,0.532,10.9,78.7,0.19399999999999998,Pepsi Center,"605,585",18,13,13,13,12.0,10.0,13.0,4.0,29.0,7.0,13.0,10.0,5.0,20.0,2.0,15.0,28.0,30.0,5.0,7.0,None,30,240.9,41.2,87.7,0.469,10.6,28.8,0.368,30.6,58.9,0.519,18.7,24.2,0.774,11.8,34.6,46.4,25.3,6.9,3.9,15.0,19.1,111.7,25,3,4,6.0,7,8,11.0,10,14,5.0,9,8,17.0,5,6,2,2,28,27,23,9,3,240.9,42.1,88.4,0.47700000000000004,9.9,26.3,0.375,32.3,62.1,0.519,17.1,21.9,0.782,9.4,31.4,40.8,24.0,8.3,4.9,12.0,20.2,111.2,25,30,25,29.0,16,10,28.0,30,29,27.0,9,9,26.0,7,3,4,25,22,15,30,13,27
8,DET,2017,37,45,38,44,-1.12,-0.17,-1.29,106.0,107.1,95.0,0.218,0.263,0.49200000000000005,10.9,24.1,0.157,0.516,12.1,81.2,0.19699999999999998,The Palace of Auburn Hills,"655,141",19,12,21,21,21.0,18.0,21.0,24.0,8.0,22.0,30.0,27.0,27.0,2.0,12.0,30.0,19.0,23.0,1.0,10.0,None,25,241.5,39.9,88.8,0.449,7.7,23.4,0.33,32.2,65.5,0.49200000000000005,13.9,19.3,0.7190000000000001,11.1,34.6,45.7,21.1,7.0,3.8,11.9,17.9,101.3,13,7,1,22.0,27,26,28.0,2,2,23.0,30,29,29.0,8,5,4,24,25,29,3,3,26,241.5,38.3,83.3,0.46,9.4,25.6,0.366,29.0,57.7,0.502,16.4,21.0,0.78,8.0,34.9,42.9,23.5,6.7,4.1,12.8,17.5,102.5,13,9,8,20.0,11,8,21.0,11,10,14.0,8,8,24.0,1,25,10,21,4,6,27,30,7
9,GSW,2017,67,15,67,15,11.63,-0.28,11.35,115.6,104.0,99.8,0.259,0.359,0.563,13.2,22.8,0.204,0.486,13.5,74.9,0.198,Oracle Arena,"803,436",1,30,1,1,1.0,22.0,1.0,1.0,2.0,4.0,20.0,6.0,1.0,22.0,18.0,21.0,1.0,8.0,29.0,11.0,None,8,241.2,43.1,87.1,0.495,12.0,31.2,0.38299999999999995,31.1,55.8,0.557,17.8,22.6,0.7879999999999999,9.4,35.0,44.4,30.4,9.6,6.8,14.8,19.3,115.9,18,1,9,1.0,4,5,3.0,5,22,1.0,17,18,11.0,20,3,7,1,1,1,22,12,1,241.2,38.8,89.2,0.435,9.0,27.8,0.324,29.8,61.4,0.485,17.7,23.2,0.7609999999999999,11.7,31.8,43.5,22.7,8.6,3.8,15.5,19.4,104.3,18,14,29,1.0,8,20,1.0,17,27,3.0,14,15,3.0,30,6,14,14,28,4,1,22,11
10,HOU,2017,55,27,55,27,5.77,0.08,5.84,114.7,109.0,100.0,0.304,0.462,0.545,13.3,24.6,0.233,0.519,13.2,75.8,0.19399999999999998,Toyota Center,"695,903",3,28,3,3,3.0,12.0,3.0,2.0,18.0,3.0,2.0,1.0,3.0,24.0,10.0,2.0,21.0,11.0,21.0,8.0,None,21,241.2,40.3,87.2,0.462,14.4,40.3,0.35700000000000004,25.9,46.9,0.552,20.3,26.5,0.7659999999999999,10.9,33.5,44.4,25.2,8.2,4.3,15.1,19.9,115.3,18,4,7,12.0,1,1,15.0,29,30,2.0,2,1,20.0,9,15,8,3,8,20,25,15,2,241.2,41.2,88.9,0.46299999999999997,10.0,29.1,0.34299999999999997,31.2,59.7,0.522,17.3,22.2,0.778,10.7,33.4,44.1,24.1,8.5,5.0,15.1,20.4,109.6,18,27,27,23.0,22,25,4.0,27,18,28.0,11,10,23.0,23,17,19,27,24,17,5,8,26
11,IND,2017,42,40,40,42,-0.22,-0.42,-0.64,108.6,108.8,95.9,0.261,0.272,0.516,12.8,21.2,0.212,0.512,13.6,75.5,0.225,Bankers Life Fieldhouse,"684,578",13,17,17,17,17.0,28.0,19.0,15.0,16.0,18.0,19.0,26.0,13.0,16.0,24.0,16.0,15.0,6.0,25.0,25.0,None,22,242.1,39.3,84.5,0.465,8.6,23.0,0.376,30.6,61.5,0.498,17.9,22.1,0.81,9.0,33.0,42.0,22.5,8.2,5.0,13.8,19.5,105.1,7,15,20,10.0,23,27,4.0,9,9,17.0,16,23,2.0,23,21,26,16,9,9,16,13,15,242.1,38.0,84.3,0.451,10.4,29.1,0.355,27.6,55.1,0.501,19.0,24.1,0.789,10.7,33.5,44.3,22.3,8.1,5.0,14.9,19.5,105.3,7,7,11,10.0,25,25,13.0,5,6,12.0,24,20,30.0,24,19,21,11,20,16,6,20,14
12,LAC,2017,51,31,52,30,4.29,0.13,4.42,112.7,108.2,96.1,0.312,0.32899999999999996,0.537,12.0,21.5,0.233,0.506,12.1,76.9,0.21100000000000002,STAPLES Center,"782,609",5,23,4,4,4.0,11.0,4.0,5.0,12.0,16.0,1.0,9.0,4.0,6.0,23.0,3.0,6.0,21.0,10.0,13.0,None,10,240.9,39.5,83.2,0.475,10.3,27.4,0.375,29.3,55.8,0.525,19.3,26.0,0.745,9.0,34.0,43.0,22.5,7.5,4.2,13.0,19.8,108.7,25,10,26,2.0,9,11,7.0,17,23,4.0,6,3,27.0,24,11,21,15,20,21,7,14,6,240.9,38.6,85.4,0.452,9.2,26.3,0.35,29.4,59.1,0.49700000000000005,18.0,23.4,0.772,10.2,32.9,43.1,23.1,7.0,3.1,13.2,22.4,104.4,25,11,14,11.0,9,11,8.0,12,14,9.0,16,16,16.0,14,13,12,17,7,1,22,1,12
13,LAL,2017,26,56,24,58,-6.88,0.58,-6.29,106.0,113.0,98.5,0.259,0.295,0.501,13.5,25.0,0.195,0.542,13.0,75.8,0.213,STAPLES Center,"776,917",28,3,30,30,30.0,1.0,28.0,23.0,30.0,6.0,22.0,19.0,22.0,26.0,7.0,24.0,30.0,14.0,23.0,16.0,None,11,240.3,39.3,87.4,0.45,8.9,25.7,0.34600000000000003,30.4,61.6,0.493,17.0,22.6,0.754,11.4,32.1,43.5,20.9,8.2,3.9,15.2,20.7,104.6,30,13,6,21.0,19,19,22.0,11,7,22.0,23,17,21.0,7,26,17,26,5,28,26,22,17,240.3,41.5,86.0,0.483,10.1,27.4,0.37,31.4,58.6,0.536,18.3,24.0,0.762,10.3,34.2,44.4,25.7,8.5,5.4,14.5,18.5,111.5,30,28,17,30.0,24,19,26.0,28,12,30.0,18,19,5.0,17,23,23,30,25,26,11,28,28
14,MEM,2017,43,39,42,40,0.49,0.47,0.96,107.7,107.1,92.3,0.28,0.316,0.491,12.1,24.8,0.21899999999999997,0.506,13.6,77.5,0.256,FedEx Forum,"677,314",11,19,12,12,13.0,5.0,11.0,19.0,7.0,28.0,11.0,13.0,28.0,7.0,9.0,11.0,7.0,5.0,8.0,29.0,None,23,242.7,36.4,83.6,0.435,9.4,26.5,0.354,27.0,57.1,0.473,18.3,23.4,0.784,10.8,32.0,42.8,21.3,8.0,4.2,12.9,22.4,100.5,2,29,25,30.0,15,14,17.0,26,20,30.0,12,12,12.0,10,27,24,21,13,22,6,29,29,242.7,34.9,78.8,0.44299999999999995,9.9,28.0,0.354,25.0,50.8,0.49200000000000005,20.2,26.9,0.753,9.3,32.8,42.1,20.1,7.0,5.0,14.3,20.8,100.0,2,1,1,2.0,19,21,11.0,1,1,7.0,28,29,2.0,6,11,7,3,6,18,13,4,3
15,MIA,2017,41,41,44,38,1.06,-0.29,0.77,107.8,106.7,95.2,0.251,0.314,0.512,12.4,24.2,0.177,0.496,12.6,76.4,0.22,AmericanAirlines Arena,"805,400",15,14,10,10,10.0,23.0,12.0,17.0,5.0,21.0,26.0,14.0,15.0,11.0,11.0,29.0,4.0,16.0,14.0,22.0,None,7,241.2,39.0,85.8,0.455,9.9,27.0,0.365,29.2,58.8,0.496,15.2,21.6,0.706,10.6,33.0,43.6,21.2,7.2,5.7,13.4,20.5,103.2,18,18,14,15.0,12,12,12.0,18,15,18.0,28,26,30.0,11,20,15,22,22,3,11,20,21,241.2,37.9,84.2,0.45,7.8,22.7,0.34299999999999997,30.1,61.5,0.49,18.5,23.7,0.782,10.2,33.4,43.6,19.6,6.8,4.9,13.7,18.7,102.1,18,6,10,7.0,1,1,3.0,20,28,5.0,19,17,27.0,14,18,15,2,5,14,19,27,5
16,MIL,2017,42,40,40,42,-0.18,-0.26,-0.45,109.1,109.3,94.5,0.27399999999999997,0.29,0.527,13.2,21.5,0.21,0.518,13.6,75.4,0.215,BMO Harris Bradley Center,"648,952",13,17,16,16,16.0,21.0,17.0,13.0,19.0,26.0,16.0,21.0,7.0,21.0,22.0,17.0,20.0,4.0,26.0,19.0,None,27,241.2,38.8,81.9,0.474,8.8,23.7,0.37,30.0,58.2,0.516,17.2,22.4,0.768,8.8,31.6,40.4,24.2,8.1,5.3,14.0,20.2,103.6,18,19,29,4.0,22,24,10.0,14,19,6.0,21,20,19.0,25,28,29,5,10,6,18,17,20,241.2,38.0,83.0,0.45799999999999996,10.0,28.2,0.353,28.0,54.8,0.512,17.9,23.2,0.7709999999999999,10.3,32.1,42.5,24.1,7.4,4.6,14.7,19.3,103.8,18,8,5,17.0,20,22,9.0,8,4,24.0,15,14,12.0,19,8,8,26,13,9,9,24,9
17,MIN,2017,31,51,38,44,-1.11,0.47,-0.64,110.8,112.0,94.6,0.287,0.249,0.511,12.9,27.2,0.22899999999999998,0.535,13.2,75.9,0.212,Target Center,"607,203",24,6,20,20,20.0,4.0,18.0,10.0,27.0,25.0,9.0,30.0,16.0,18.0,3.0,5.0,29.0,12.0,20.0,14.0,None,29,241.5,39.5,84.4,0.467,7.3,21.0,0.349,32.1,63.4,0.507,19.3,24.2,0.799,11.4,31.0,42.4,23.7,8.0,4.5,14.0,20.1,105.6,13,12,21,8.0,30,30,20.0,3,5,10.0,6,8,5.0,6,29,25,9,12,19,19,16,13,241.5,39.6,83.3,0.475,9.9,27.0,0.366,29.7,56.3,0.528,17.6,22.9,0.768,9.8,30.6,40.4,23.1,7.7,5.0,14.3,20.5,106.7,13,20,7,28.0,18,14,23.0,15,8,29.0,13,13,8.0,10,1,2,18,18,19,14,7,18
18,NOP,2017,34,48,35,47,-2.1,0.41,-1.69,105.2,107.4,98.0,0.256,0.308,0.504,11.7,18.5,0.192,0.509,12.4,76.8,0.177,Smoothie King Center,"663,099",21,10,22,22,22.0,6.0,22.0,26.0,9.0,8.0,24.0,16.0,20.0,4.0,29.0,25.0,12.0,19.0,13.0,4.0,None,24,242.7,39.1,87.0,0.45,9.4,26.8,0.35,29.8,60.2,0.495,16.7,22.3,0.75,8.6,35.1,43.7,22.8,7.8,5.5,12.9,18.2,104.3,2,17,12,20.0,14,13,19.0,15,12,21.0,25,21,22.0,29,1,13,12,16,5,5,5,18,242.7,40.1,89.0,0.45,10.5,29.8,0.353,29.5,59.2,0.499,15.8,20.7,0.762,10.6,37.7,48.3,23.4,7.4,4.2,14.0,19.3,106.4,2,23,28,7.0,27,27,10.0,13,17,11.0,5,5,4.0,21,30,30,20,11,7,16,23,17
19,NYK,2017,31,51,31,51,-3.67,-0.2,-3.87,107.7,111.5,96.0,0.239,0.27899999999999997,0.496,12.4,26.6,0.188,0.511,11.7,74.1,0.214,Madison Square Garden (IV),"810,741",24,6,24,24,24.0,19.0,25.0,18.0,26.0,17.0,28.0,25.0,25.0,12.0,5.0,26.0,14.0,26.0,30.0,18.0,None,5,242.1,39.6,88.5,0.447,8.6,24.7,0.348,31.0,63.8,0.485,16.6,21.1,0.7879999999999999,12.0,33.2,45.2,21.8,7.1,5.5,13.9,20.3,104.3,7,8,3,23.0,24,21,21.0,8,4,28.0,26,28,10.0,3,17,5,19,23,4,17,19,18,242.1,39.7,87.4,0.455,9.8,28.2,0.348,29.9,59.1,0.506,18.7,24.2,0.7709999999999999,11.6,33.1,44.7,21.8,7.5,4.6,12.9,18.5,108.0,7,22,24,13.0,15,23,7.0,19,16,20.0,22,22,13.0,29,14,26,8,15,10,25,29,23
20,OKC,2017,47,35,43,39,0.76,0.39,1.14,108.3,107.5,97.8,0.295,0.295,0.5,13.2,27.9,0.22,0.511,12.5,79.0,0.218,Chesapeake Energy Arena,"746,323",10,21,11,11,11.0,8.0,10.0,16.0,10.0,9.0,4.0,18.0,24.0,19.0,1.0,10.0,13.0,18.0,3.0,21.0,None,14,241.5,39.5,87.4,0.452,8.4,25.8,0.327,31.0,61.6,0.504,19.2,25.8,0.745,12.2,34.4,46.6,21.0,7.9,5.0,15.0,20.9,106.6,13,11,5,17.0,26,18,30.0,7,8,13.0,8,4,26.0,1,7,1,25,14,10,24,24,11,241.5,39.2,85.3,0.45899999999999996,8.8,24.8,0.35600000000000004,30.4,60.5,0.502,18.6,24.3,0.764,9.1,31.5,40.6,21.4,8.5,5.5,13.8,20.7,105.8,13,16,13,19.0,4,4,14.0,23,23,13.0,21,24,6.0,5,4,3,7,25,28,18,5,16
21,ORL,2017,29,53,24,58,-6.57,-0.04,-6.61,103.7,110.5,96.8,0.24600000000000002,0.3,0.489,12.1,21.6,0.184,0.523,11.9,77.4,0.201,Amway Center,"727,875",26,5,29,29,28.0,15.0,29.0,29.0,22.0,12.0,27.0,17.0,29.0,8.0,21.0,27.0,22.0,24.0,9.0,12.0,None,15,241.5,38.3,87.0,0.44,8.5,26.1,0.32799999999999996,29.7,60.9,0.488,16.0,21.4,0.747,9.8,33.3,43.2,22.2,7.1,4.8,13.3,19.3,101.1,13,22,11,28.0,25,15,29.0,16,10,26.0,27,27,25.0,17,16,20,18,24,15,9,11,27,241.5,40.3,86.4,0.467,9.7,26.4,0.36700000000000005,30.6,60.0,0.51,17.4,22.7,0.7659999999999999,9.7,35.8,45.5,23.6,7.6,5.1,13.0,18.7,107.6,13,25,20,25.0,13,13,24.0,25,21,22.0,12,12,7.0,8,28,28,22,16,20,24,26,22
22,PHI,2017,28,54,26,56,-5.7,-0.14,-5.83,103.2,108.9,98.5,0.258,0.349,0.501,14.9,22.4,0.19899999999999998,0.512,13.5,75.3,0.23399999999999999,Wells Fargo Center,"710,557",27,4,27,27,27.0,17.0,27.0,30.0,17.0,5.0,23.0,7.0,21.0,30.0,19.0,22.0,16.0,10.0,28.0,27.0,None,18,241.8,37.7,85.3,0.442,10.1,29.8,0.34,27.5,55.5,0.496,17.0,22.0,0.7709999999999999,9.8,33.0,42.8,23.8,8.4,5.1,16.7,21.9,102.4,10,27,16,27.0,10,7,25.0,23,24,19.0,24,24,18.0,17,19,23,8,3,7,30,28,25,241.8,39.6,85.9,0.461,8.9,24.9,0.35700000000000004,30.7,61.0,0.503,20.1,26.0,0.773,10.8,34.2,45.0,22.7,8.6,5.4,15.1,19.6,108.1,10,19,16,21.0,5,5,15.0,26,25,15.0,27,27,19.0,26,24,27,13,27,27,4,19,24
23,PHO,2017,24,58,27,55,-5.63,0.49,-5.14,106.6,112.2,100.3,0.297,0.255,0.493,13.4,26.0,0.231,0.525,13.1,76.4,0.264,Talking Stick Resort Arena,"708,639",29,2,26,26,26.0,3.0,26.0,22.0,28.0,2.0,3.0,29.0,26.0,25.0,6.0,4.0,25.0,13.0,15.0,30.0,None,19,241.8,39.9,88.5,0.45,7.5,22.6,0.332,32.4,65.9,0.491,20.4,26.3,0.7759999999999999,11.9,33.1,45.0,19.6,8.2,4.9,15.4,24.8,107.7,10,6,2,19.0,29,28,27.0,1,1,24.0,1,2,15.0,4,18,6,29,6,13,27,30,9,241.8,40.2,86.2,0.467,10.1,26.3,0.382,30.2,59.9,0.504,22.8,29.1,0.7829999999999999,10.2,33.8,44.0,22.2,8.1,5.3,14.9,22.2,113.3,10,24,19,26.0,23,12,30.0,21,20,18.0,30,30,28.0,16,21,18,10,21,25,8,2,30
24,POR,2017,41,41,40,42,-0.52,0.3,-0.23,110.3,110.8,96.7,0.275,0.322,0.52,12.5,23.0,0.214,0.508,11.6,76.8,0.24100000000000002,Moda Center,"792,029",15,14,18,18,18.0,9.0,16.0,11.0,24.0,14.0,14.0,12.0,11.0,13.0,17.0,14.0,11.0,27.0,12.0,28.0,None,9,243.0,39.5,86.1,0.45899999999999996,10.4,27.7,0.375,29.2,58.4,0.499,18.5,23.7,0.78,10.1,33.5,43.7,21.1,7.0,5.0,13.7,21.2,107.9,1,9,13,14.0,8,10,6.0,20,16,16.0,11,11,14.0,15,14,14,23,25,10,15,26,8,243.0,39.2,86.2,0.455,9.3,25.1,0.37,29.9,61.1,0.489,20.8,26.5,0.785,10.1,33.9,44.0,20.6,7.7,5.3,12.8,19.8,108.5,1,15,18,12.0,10,6,27.0,18,26,4.0,29,28,29.0,12,22,17,4,19,24,26,16,25
25,SAC,2017,32,50,31,51,-3.88,0.58,-3.29,107.3,111.3,94.9,0.284,0.29100000000000004,0.516,13.7,21.0,0.22,0.528,12.9,76.3,0.22699999999999998,Golden 1 Center,"721,928",23,8,25,25,25.0,1.0,24.0,21.0,25.0,23.0,10.0,20.0,14.0,27.0,26.0,8.0,26.0,15.0,17.0,26.0,None,16,242.4,37.9,82.1,0.461,9.0,23.9,0.376,28.9,58.2,0.496,18.1,23.3,0.775,8.7,32.3,41.1,22.5,7.6,4.0,14.6,20.3,102.8,4,24,28,13.0,18,23,5.0,21,18,20.0,14,13,16.0,28,25,28,16,17,26,21,18,24,242.4,38.5,83.2,0.462,10.9,30.0,0.364,27.5,53.2,0.517,18.9,24.2,0.778,10.1,32.8,42.9,23.7,8.5,5.1,14.0,20.1,106.7,4,10,6,22.0,29,28,19.0,3,2,26.0,23,22,22.0,11,10,9,24,23,21,15,14,18
26,SAS,2017,61,21,60,22,7.2,-0.06,7.13,111.1,103.5,94.2,0.263,0.281,0.524,12.6,24.0,0.21,0.49200000000000005,13.5,77.6,0.192,AT&T Center,"755,347",2,29,2,2,2.0,16.0,2.0,9.0,1.0,27.0,18.0,24.0,10.0,15.0,14.0,18.0,2.0,9.0,6.0,6.0,None,13,241.5,39.3,83.7,0.469,9.2,23.5,0.391,30.1,60.2,0.5,17.6,22.0,0.797,10.0,33.9,43.9,23.8,8.0,5.9,13.4,18.3,105.3,13,14,24,6.0,17,25,1.0,13,11,15.0,18,24,7.0,16,12,11,7,11,2,10,7,14,241.5,37.0,83.4,0.44299999999999995,8.1,23.7,0.344,28.8,59.7,0.483,16.0,20.8,0.7709999999999999,9.8,31.7,41.5,21.4,7.5,4.1,14.4,19.8,98.1,13,3,9,4.0,2,3,5.0,10,18,2.0,7,7,14.0,9,5,5,6,14,5,12,17,2
27,TOR,2017,51,31,52,30,4.21,-0.56,3.65,112.3,107.8,94.7,0.293,0.289,0.517,11.8,25.0,0.233,0.507,13.5,76.3,0.223,Air Canada Centre,"813,050",5,23,5,5,5.0,30.0,6.0,6.0,11.0,24.0,6.0,22.0,12.0,5.0,8.0,1.0,9.0,7.0,16.0,24.0,None,3,241.2,39.2,84.4,0.46399999999999997,8.8,24.3,0.363,30.3,60.0,0.505,19.7,24.7,0.7959999999999999,10.6,32.6,43.3,18.5,8.3,4.9,12.7,20.8,106.9,18,16,22,11.0,21,22,13.0,12,13,12.0,3,6,8.0,12,23,18,30,4,12,4,23,10,241.2,37.2,82.9,0.449,9.7,27.3,0.354,27.5,55.6,0.495,18.5,23.8,0.78,10.1,31.9,42.1,21.8,6.7,4.8,14.6,20.3,102.6,18,5,4,6.0,13,18,12.0,4,7,8.0,20,18,24.0,13,7,6,8,3,13,10,10,8
28,UTA,2017,51,31,52,30,3.94,0.06,4.0,109.6,105.3,91.6,0.28800000000000003,0.327,0.526,13.2,23.2,0.215,0.493,11.8,78.9,0.195,Vivint Smart Home Arena,"806,142",5,23,6,6,6.0,13.0,5.0,12.0,3.0,30.0,8.0,11.0,8.0,23.0,16.0,12.0,3.0,25.0,4.0,9.0,None,6,240.9,37.0,79.5,0.466,9.6,26.0,0.37200000000000005,27.3,53.5,0.511,17.1,22.9,0.747,9.4,33.8,43.2,20.1,6.7,5.0,13.6,18.8,100.7,25,28,30,9.0,13,17,9.0,24,26,9.0,22,16,24.0,19,13,19,28,29,8,13,8,28,240.9,36.3,82.0,0.44299999999999995,8.2,22.9,0.358,28.1,59.1,0.47600000000000003,16.0,20.7,0.769,9.0,31.1,40.2,17.8,7.3,3.8,12.1,20.2,96.8,25,2,3,2.0,3,2,17.0,9,15,1.0,6,6,10.0,4,2,1,1,8,3,29,12,1
29,WAS,2017,49,33,46,36,1.8,-0.45,1.36,111.2,109.3,97.4,0.254,0.284,0.528,12.8,24.1,0.19899999999999998,0.524,13.8,75.5,0.213,Verizon Center,"697,107",9,22,9,9,9.0,29.0,9.0,7.0,20.0,11.0,25.0,23.0,6.0,17.0,13.0,23.0,24.0,2.0,24.0,17.0,None,20,242.1,41.3,87.0,0.475,9.2,24.8,0.37200000000000005,32.1,62.3,0.515,17.3,22.1,0.784,10.3,32.6,42.9,23.9,8.5,4.1,14.2,21.3,109.2,7,2,10,3.0,16,20,8.0,4,6,7.0,20,22,12.0,13,24,22,6,2,24,20,27,5,242.1,39.7,85.1,0.466,9.9,27.1,0.364,29.8,58.0,0.514,18.2,24.2,0.7509999999999999,10.6,32.5,43.0,22.8,7.4,4.6,15.3,19.8,107.4,7,21,12,24.0,17,16,20.0,16,11,25.0,17,21,1.0,20,9,11,15,12,10,3,18,21
30,ATL,2018,24,58,27,55,-5.45,0.15,-5.3,105.0,110.6,98.3,0.23600000000000002,0.363,0.512,14.1,21.1,0.185,0.536,13.6,76.2,0.183,Philips Arena,"590,769",27,3,26,26,26.0,8.0,26.0,26.0,21.0,10.0,23.0,6.0,22.0,29.0,22.0,21.0,25.0,8.0,27.0,9.0,None,30,240.3,38.2,85.5,0.446,11.2,31.0,0.36,27.0,54.5,0.495,15.8,20.2,0.785,9.1,32.8,41.9,23.7,7.8,4.2,15.6,19.6,103.4,27,28,20,25.0,9,7,15.0,26,24,22.0,22,23,7.0,22,23,25,8,12,23,27,14,25,240.3,40.7,86.7,0.469,11.6,30.7,0.377,29.1,56.0,0.52,15.9,20.6,0.772,10.3,34.0,44.2,26.1,8.7,5.5,15.1,20.3,108.8,27,21,18,24.0,27,26,28.0,17,11,22.0,9,12,20.0,24,18,23,30,28,28,5,14,23
31,BOS,2018,55,27,51,31,3.59,-0.35,3.23,107.6,103.9,96.0,0.243,0.35700000000000004,0.518,13.0,21.5,0.188,0.495,13.0,78.4,0.191,TD Garden,"763,584",4,27,6,6,6.0,29.0,7.0,18.0,1.0,22.0,18.0,8.0,15.0,15.0,18.0,20.0,2.0,14.0,11.0,16.0,None,11,241.5,38.3,85.1,0.45,11.5,30.4,0.377,26.9,54.7,0.491,16.0,20.7,0.7709999999999999,9.4,35.1,44.5,22.5,7.4,4.5,14.0,19.7,104.0,12,25,25,21.0,7,10,2.0,27,23,25.0,21,20,17.0,20,6,8,20,23,18,15,17,20,241.5,37.4,85.0,0.44,9.4,27.7,0.33899999999999997,28.0,57.4,0.488,16.3,21.3,0.763,9.6,34.2,43.8,21.3,7.2,4.4,14.1,19.2,100.4,12,3,12,2.0,4,9,1.0,6,17,5.0,15,15,12.0,13,20,22,4,7,6,19,22,3
32,BRK,2018,28,54,31,51,-3.74,0.07,-3.67,106.9,110.6,98.9,0.26,0.41100000000000003,0.514,13.6,21.0,0.201,0.517,11.0,77.0,0.201,Barclays Center,"640,010",23,8,24,24,24.0,13.0,24.0,21.0,22.0,6.0,11.0,2.0,17.0,23.0,24.0,9.0,11.0,30.0,19.0,21.0,None,29,242.1,38.2,86.8,0.441,12.7,35.7,0.35600000000000004,25.5,51.1,0.5,17.4,22.6,0.772,9.7,34.8,44.4,23.7,6.2,4.8,15.2,20.6,106.6,5,27,10,29.0,2,2,20.0,29,29,19.0,8,11,14.0,15,9,9,9,30,16,25,23,14,242.1,41.7,89.4,0.466,9.0,24.5,0.369,32.6,64.9,0.503,17.9,23.4,0.7659999999999999,10.4,36.4,46.8,21.7,7.7,5.5,12.4,19.7,110.3,5,27,27,19.0,2,1,23.0,30,30,9.0,23,24,14.0,25,28,30,5,15,27,30,19,28
33,CHO,2018,36,46,42,40,0.26,-0.19,0.07,109.4,109.1,98.4,0.312,0.314,0.508,11.4,22.2,0.233,0.532,12.4,80.7,0.165,Spectrum Center,"671,404",20,11,17,17,17.0,23.0,18.0,13.0,16.0,8.0,1.0,22.0,25.0,2.0,16.0,1.0,23.0,25.0,1.0,1.0,None,26,241.2,39.0,86.7,0.45,10.0,27.2,0.369,28.9,59.4,0.48700000000000004,20.2,27.0,0.747,10.1,35.4,45.5,21.6,6.8,4.5,12.7,17.2,108.2,16,18,11,24.0,19,21,8.0,18,7,27.0,1,1,24.0,12,4,3,24,28,18,3,2,10,241.2,41.1,87.8,0.46799999999999997,11.3,30.1,0.375,29.8,57.7,0.516,14.5,18.2,0.795,8.4,35.3,43.7,24.7,6.6,4.9,13.6,22.4,108.0,16,25,24,22.0,26,19,27.0,23,19,19.0,2,1,30.0,2,25,19,26,2,20,24,1,19
34,CHI,2018,27,55,23,59,-7.04,0.2,-6.84,103.8,110.9,98.3,0.21600000000000003,0.35,0.49700000000000005,12.6,20.6,0.16399999999999998,0.542,12.4,80.6,0.184,United Center,"851,824",24,6,28,28,29.0,5.0,29.0,28.0,24.0,9.0,29.0,11.0,29.0,10.0,25.0,29.0,29.0,24.0,2.0,10.0,None,1,242.1,38.7,88.8,0.435,11.0,31.1,0.355,27.6,57.8,0.478,14.6,19.2,0.759,9.6,35.0,44.7,23.5,7.6,3.5,14.0,19.2,102.9,5,23,1,30.0,10,6,21.0,23,15,30.0,28,26,20.0,16,8,6,10,18,30,13,9,26,242.1,41.0,86.8,0.47200000000000003,12.1,32.7,0.37,28.9,54.1,0.534,15.9,20.2,0.787,8.4,37.2,45.7,25.9,7.2,5.2,13.6,17.4,110.0,5,23,20,27.0,30,30,24.0,14,4,30.0,10,7,29.0,1,30,26,29,5,24,24,29,27
35,CLE,2018,50,32,43,39,0.94,-0.35,0.59,112.9,111.9,98.0,0.275,0.379,0.547,12.6,20.1,0.214,0.54,12.2,77.3,0.166,Quicken Loans Arena,"843,042",6,25,14,14,14.0,28.0,14.0,5.0,29.0,12.0,8.0,4.0,3.0,11.0,27.0,6.0,28.0,26.0,17.0,2.0,None,2,240.6,40.4,84.8,0.47600000000000003,12.0,32.1,0.37200000000000005,28.4,52.6,0.54,18.1,23.3,0.779,8.5,33.7,42.1,23.4,7.1,3.8,13.7,18.6,110.9,23,10,26,4.0,3,5,6.0,20,28,5.0,6,9,10.0,27,17,23,12,24,28,10,5,5,240.6,41.8,88.3,0.474,11.7,31.7,0.368,30.2,56.6,0.5329999999999999,14.6,19.4,0.7559999999999999,9.9,33.7,43.6,25.9,7.5,4.1,13.5,20.7,109.9,23,30,25,28.0,28,29,22.0,24,13,28.0,3,4,5.0,18,17,18,28,12,3,26,7,26
36,DAL,2018,24,58,33,49,-3.04,0.34,-2.7,106.3,109.5,95.6,0.217,0.382,0.513,11.6,18.0,0.166,0.532,12.9,78.9,0.193,American Airlines Center,"811,453",27,3,22,22,22.0,4.0,22.0,24.0,17.0,26.0,27.0,3.0,19.0,3.0,30.0,28.0,22.0,16.0,7.0,17.0,None,5,241.5,38.1,85.9,0.444,11.8,32.8,0.36,26.4,53.1,0.496,14.2,18.7,0.763,8.1,33.1,41.3,22.7,7.0,3.8,12.3,19.2,102.3,12,29,17,26.0,5,4,17.0,28,27,21.0,29,29,19.0,30,21,27,19,25,29,1,10,28,241.5,39.3,83.8,0.469,10.7,29.4,0.363,28.6,54.4,0.526,16.2,21.4,0.757,8.8,36.9,45.8,23.5,7.2,4.5,13.7,19.6,105.4,12,14,5,23.0,16,16,15.0,10,6,25.0,13,16,6.0,5,29,27,15,7,8,23,20,12
37,DEN,2018,46,36,45,37,1.48,0.09,1.57,112.5,111.0,96.8,0.258,0.35700000000000004,0.536,13.4,25.7,0.198,0.539,12.6,77.5,0.17300000000000001,Pepsi Center,"702,796",14,17,11,11,11.0,12.0,11.0,6.0,25.0,16.0,13.0,9.0,6.0,22.0,2.0,13.0,26.0,19.0,15.0,6.0,None,20,242.4,40.7,86.6,0.47,11.5,30.9,0.371,29.2,55.7,0.525,17.1,22.3,0.767,11.0,33.5,44.5,25.1,7.6,4.9,15.0,18.7,110.0,4,7,12,10.0,6,8,7.0,14,21,8.0,12,12,18.0,2,20,7,5,17,12,23,6,6,242.4,41.3,86.7,0.47600000000000003,10.9,28.8,0.37799999999999995,30.4,57.9,0.525,15.0,20.4,0.738,9.8,31.9,41.6,24.7,8.0,4.8,13.8,20.7,108.5,4,26,19,30.0,21,10,30.0,25,20,24.0,7,8,1.0,14,2,2,25,20,16,22,6,22
38,DET,2018,39,43,41,41,-0.15,-0.11,-0.26,107.2,107.3,96.2,0.22699999999999998,0.33299999999999996,0.512,12.3,22.7,0.16899999999999998,0.524,13.7,78.5,0.172,Little Caesars Arena,"713,945",19,12,19,19,19.0,20.0,19.0,19.0,10.0,21.0,25.0,16.0,20.0,8.0,13.0,27.0,16.0,7.0,10.0,5.0,None,19,241.5,39.1,86.9,0.45,10.8,28.9,0.373,28.3,58.0,0.488,14.7,19.8,0.745,10.1,33.6,43.7,22.8,7.7,3.9,13.5,18.4,103.8,12,16,9,23.0,14,16,5.0,21,14,26.0,27,24,25.0,11,18,16,15,14,27,7,4,22,241.5,39.1,85.2,0.45899999999999996,11.1,30.8,0.359,28.0,54.4,0.515,14.6,18.9,0.7759999999999999,9.2,34.5,43.8,25.2,7.3,4.9,14.8,18.4,103.9,12,12,13,14.0,23,27,12.0,7,7,16.0,4,2,23.0,8,21,21,27,9,17,8,27,8
39,GSW,2018,58,24,56,26,5.98,-0.19,5.79,113.6,107.6,99.6,0.239,0.33899999999999997,0.569,14.1,21.0,0.195,0.504,12.6,76.3,0.18600000000000003,Oracle Arena,"803,436",3,28,3,3,3.0,22.0,3.0,3.0,11.0,5.0,20.0,15.0,1.0,28.0,23.0,16.0,5.0,21.0,25.0,11.0,None,7,240.6,42.8,85.1,0.503,11.3,28.9,0.391,31.5,56.2,0.56,16.6,20.3,0.815,8.4,35.1,43.5,29.3,8.0,7.5,15.5,19.6,113.5,23,1,24,1.0,8,17,1.0,5,20,1.0,18,22,1.0,28,7,17,1,9,1,26,15,1,240.6,40.2,90.0,0.447,10.4,29.2,0.35700000000000004,29.8,60.8,0.49,16.7,22.0,0.758,10.9,31.6,42.5,23.6,8.7,3.7,14.3,18.5,107.5,23,18,29,3.0,13,13,10.0,22,28,6.0,19,19,8.0,30,1,8,17,30,1,14,25,18
40,HOU,2018,65,17,61,21,8.48,-0.27,8.21,114.7,106.1,97.6,0.298,0.502,0.551,12.7,21.3,0.233,0.521,13.4,79.9,0.171,Toyota Center,"732,722",1,30,1,1,1.0,26.0,1.0,1.0,6.0,13.0,3.0,1.0,2.0,12.0,21.0,1.0,13.0,11.0,3.0,4.0,None,17,240.9,38.7,84.2,0.46,15.3,42.3,0.36200000000000004,23.4,41.9,0.5579999999999999,19.6,25.1,0.7809999999999999,9.0,34.5,43.5,21.5,8.5,4.8,13.8,19.5,112.4,18,22,27,15.0,1,1,13.0,30,30,2.0,2,3,9.0,24,10,18,26,5,15,12,12,2,240.9,39.6,85.6,0.462,10.1,28.8,0.35100000000000003,29.5,56.7,0.519,14.6,19.6,0.746,8.7,33.4,42.0,22.4,7.4,4.4,14.6,20.4,103.9,18,17,14,16.0,9,11,7.0,19,14,20.0,4,6,3.0,3,15,4,11,11,5,10,11,6
41,IND,2018,48,34,45,37,1.38,-0.2,1.18,109.5,108.1,96.0,0.222,0.284,0.525,12.3,22.7,0.17300000000000001,0.527,14.2,76.2,0.174,Bankers Life Fieldhouse,"658,119",8,20,12,12,12.0,24.0,13.0,11.0,13.0,23.0,26.0,26.0,12.0,6.0,12.0,24.0,19.0,2.0,26.0,7.0,None,27,240.9,40.8,86.4,0.47200000000000003,9.0,24.5,0.369,31.8,61.9,0.513,14.9,19.2,0.779,9.6,32.7,42.3,22.2,8.8,4.1,13.3,18.8,105.6,18,6,14,6.0,25,26,9.0,4,4,13.0,24,27,11.0,17,25,22,23,3,25,5,7,17,240.9,39.4,84.8,0.465,10.6,30.4,0.349,28.8,54.4,0.53,14.8,19.5,0.757,10.2,32.8,43.0,23.2,7.0,5.2,15.5,18.5,104.2,18,15,11,18.0,15,23,5.0,12,5,27.0,6,5,7.0,21,8,14,12,3,25,3,26,9
42,LAC,2018,42,40,41,41,0.04,0.11,0.15,110.3,110.2,98.7,0.299,0.314,0.527,13.2,23.5,0.222,0.52,12.6,76.1,0.203,STAPLES Center,"697,812",18,13,18,18,18.0,11.0,17.0,8.0,20.0,7.0,2.0,23.0,10.0,16.0,8.0,4.0,12.0,20.0,28.0,22.0,None,22,240.3,40.3,85.4,0.47100000000000003,9.5,26.8,0.354,30.8,58.6,0.525,19.0,25.5,0.743,10.1,33.7,43.9,22.3,7.7,4.5,14.7,20.0,109.0,27,11,21,9.0,22,22,23.0,7,12,8.0,4,2,26.0,10,16,15,22,14,18,19,18,9,240.3,40.2,87.7,0.45799999999999996,10.7,30.2,0.35600000000000004,29.5,57.5,0.512,17.8,22.7,0.782,10.6,33.0,43.6,24.6,8.5,5.6,14.1,22.0,109.0,27,19,23,12.0,18,21,9.0,20,18,14.0,21,21,25.0,28,13,17,24,27,29,21,2,24
43,LAL,2018,35,47,37,45,-1.55,0.11,-1.44,106.5,108.0,100.3,0.264,0.32899999999999996,0.517,13.8,23.6,0.188,0.514,12.5,77.7,0.19,STAPLES Center,"776,327",21,10,21,21,21.0,10.0,21.0,23.0,12.0,2.0,9.0,17.0,16.0,25.0,7.0,19.0,10.0,23.0,12.0,14.0,None,10,242.7,40.7,88.4,0.461,10.0,29.1,0.345,30.7,59.3,0.517,16.6,23.3,0.7140000000000001,10.7,35.7,46.4,23.8,7.7,4.7,15.8,21.2,108.1,3,7,2,14.0,20,15,29.0,8,8,11.0,16,8,30.0,4,2,2,7,13,17,29,24,11,242.7,41.0,89.9,0.456,10.4,30.1,0.34600000000000003,30.6,59.8,0.512,17.1,22.5,0.7609999999999999,10.2,34.6,44.8,23.6,8.3,5.5,14.3,20.5,109.6,3,24,28,10.0,14,20,3.0,26,25,13.0,20,20,10.0,23,22,24,16,25,26,16,9,25
44,MEM,2018,22,60,25,57,-6.21,0.39,-5.81,104.5,111.0,94.9,0.255,0.317,0.5,14.0,22.4,0.201,0.529,13.8,76.5,0.256,FedEx Forum,"653,863",29,2,27,27,27.0,2.0,27.0,27.0,26.0,29.0,14.0,21.0,28.0,27.0,15.0,10.0,21.0,6.0,22.0,30.0,None,28,240.3,36.7,82.8,0.444,9.2,26.2,0.35200000000000004,27.5,56.5,0.486,16.6,21.1,0.7859999999999999,9.5,31.0,40.5,21.5,7.5,4.8,15.0,23.2,99.3,27,30,30,27.0,24,24,25.0,24,19,28.0,17,16,6.0,18,30,29,26,22,14,23,30,29,240.3,37.1,80.3,0.462,10.7,29.0,0.368,26.5,51.3,0.516,20.6,26.8,0.769,9.5,33.0,42.5,22.1,8.1,5.1,14.8,20.4,105.5,27,1,1,17.0,16,12,20.0,1,2,17.0,30,30,18.0,12,12,8,9,21,23,9,10,13
45,MIA,2018,44,38,42,40,0.48,-0.33,0.15,106.8,106.3,95.6,0.22899999999999998,0.358,0.52,13.3,21.5,0.17300000000000001,0.507,13.1,79.0,0.215,AmericanAirlines Arena,"804,850",15,15,16,16,16.0,27.0,16.0,22.0,7.0,27.0,24.0,7.0,14.0,18.0,19.0,25.0,7.0,13.0,6.0,27.0,None,6,243.0,38.8,85.3,0.455,11.0,30.6,0.36,27.8,54.8,0.508,14.7,19.5,0.755,9.3,34.2,43.5,22.7,7.6,5.3,14.4,20.1,103.4,2,19,23,17.0,11,9,16.0,22,22,14.0,26,25,22.0,21,13,18,17,21,6,16,20,23,243.0,37.7,83.8,0.45,9.6,26.6,0.36,28.1,57.2,0.491,18.0,23.0,0.7829999999999999,9.1,34.0,43.1,21.0,7.5,4.6,14.1,19.4,102.9,2,4,6,7.0,6,6,13.0,8,16,7.0,25,22,26.0,6,19,15,3,13,10,18,21,4
46,MIL,2018,44,38,40,42,-0.3,-0.15,-0.45,109.8,110.1,96.2,0.281,0.297,0.531,12.9,20.4,0.22,0.528,14.2,75.9,0.22,BMO Harris Bradley Center,"685,303",15,15,20,20,20.0,21.0,20.0,9.0,19.0,20.0,4.0,25.0,8.0,14.0,26.0,5.0,20.0,3.0,29.0,29.0,None,24,241.8,39.7,83.0,0.478,8.8,24.7,0.355,31.0,58.3,0.531,18.3,23.4,0.7829999999999999,8.4,31.5,39.8,23.2,8.8,5.4,13.8,21.4,106.5,8,14,28,3.0,27,25,22.0,6,13,6.0,5,7,8.0,29,28,30,14,2,5,11,26,15,241.8,39.1,83.7,0.46799999999999997,10.1,27.1,0.37200000000000005,29.0,56.6,0.513,18.4,23.5,0.7829999999999999,10.0,32.8,42.7,23.6,7.1,4.5,15.6,19.9,106.8,8,13,4,20.0,9,7,25.0,15,12,15.0,27,25,27.0,19,8,12,18,4,7,2,16,16
47,MIN,2018,47,35,47,35,2.23,0.12,2.35,113.4,111.1,96.0,0.28,0.261,0.523,11.4,24.4,0.225,0.539,13.9,76.4,0.18899999999999997,Target Center,"699,308",12,18,10,10,10.0,9.0,10.0,4.0,27.0,24.0,5.0,30.0,13.0,1.0,4.0,3.0,27.0,5.0,24.0,13.0,None,21,241.5,41.0,86.1,0.47600000000000003,8.0,22.5,0.35700000000000004,33.0,63.6,0.519,19.4,24.1,0.804,10.3,31.6,42.0,22.7,8.4,4.2,12.5,18.2,109.5,12,4,15,4.0,30,30,19.0,1,2,10.0,3,5,2.0,7,27,24,18,6,24,2,3,8,241.5,40.2,84.7,0.475,10.9,29.6,0.366,29.4,55.0,0.534,16.0,20.5,0.779,9.8,32.0,41.8,23.9,6.5,4.7,15.1,20.9,107.3,12,19,10,29.0,19,18,18.0,18,8,29.0,11,11,24.0,15,3,3,21,1,12,4,5,17
48,NOP,2018,48,34,44,38,1.3,0.18,1.48,109.6,108.3,100.5,0.237,0.319,0.541,13.3,20.0,0.183,0.513,12.5,76.7,0.175,Smoothie King Center,"673,920",8,20,13,13,13.0,6.0,12.0,10.0,14.0,1.0,22.0,20.0,4.0,17.0,28.0,22.0,9.0,22.0,20.0,8.0,None,25,243.4,42.7,88.3,0.483,10.2,28.2,0.36200000000000004,32.5,60.1,0.54,16.1,20.9,0.772,8.7,35.7,44.3,26.8,8.0,5.9,14.9,19.1,111.7,1,2,3,2.0,18,18,13.0,2,6,4.0,19,17,15.0,26,3,10,3,8,3,22,8,3,243.4,41.7,91.9,0.45399999999999996,10.9,30.6,0.355,30.9,61.3,0.503,16.1,20.5,0.784,10.8,34.7,45.5,23.7,8.2,4.2,14.5,20.4,110.4,1,28,30,9.0,20,25,8.0,28,29,10.0,12,9,28.0,29,23,25,20,22,4,11,13,29
49,NYK,2018,29,53,32,50,-3.56,0.03,-3.53,107.1,110.7,96.8,0.21600000000000003,0.266,0.51,13.3,24.1,0.17,0.522,12.2,76.7,0.20800000000000002,Madison Square Garden (IV),"792,608",22,9,23,23,23.0,14.0,23.0,20.0,23.0,15.0,28.0,29.0,24.0,20.0,5.0,26.0,14.0,27.0,21.0,23.0,None,9,241.8,40.7,87.7,0.46399999999999997,8.2,23.3,0.35200000000000004,32.5,64.4,0.504,14.9,19.0,0.787,10.5,33.6,44.0,23.3,6.7,5.1,14.7,20.5,104.5,8,9,5,12.0,29,29,27.0,3,1,18.0,24,28,5.0,5,19,13,13,29,8,21,22,18,241.8,39.4,86.3,0.457,11.2,30.4,0.368,28.2,55.9,0.505,18.0,23.2,0.774,10.2,33.0,43.2,24.0,8.2,4.7,13.4,18.4,108.0,8,16,17,11.0,24,22,20.0,9,10,11.0,24,23,22.0,21,10,16,22,22,14,28,28,20
50,OKC,2018,48,34,50,32,3.41,0.0,3.42,110.7,107.2,96.7,0.275,0.345,0.514,12.4,27.7,0.19699999999999998,0.525,14.7,77.4,0.193,Chesapeake Energy Arena,"746,322",8,20,7,7,7.0,15.0,6.0,7.0,9.0,17.0,6.0,12.0,17.0,9.0,1.0,14.0,18.0,1.0,16.0,19.0,None,13,241.8,39.9,88.1,0.45299999999999996,10.7,30.4,0.354,29.1,57.7,0.505,17.3,24.2,0.716,12.5,32.6,45.1,21.3,9.1,5.0,14.0,20.2,107.9,8,13,4,18.0,15,11,24.0,15,16,16.0,10,4,29.0,1,26,5,28,1,11,13,21,12,241.8,38.5,84.0,0.45799999999999996,11.2,30.6,0.36700000000000005,27.3,53.4,0.511,16.2,21.1,0.769,9.5,32.6,42.2,23.3,7.7,4.6,16.0,21.3,104.4,8,9,7,12.0,25,24,19.0,3,3,12.0,14,13,17.0,11,6,5,14,15,9,1,3,10
51,ORL,2018,25,57,28,54,-4.82,-0.1,-4.92,105.2,110.1,98.1,0.23800000000000002,0.342,0.512,13.3,20.0,0.18,0.525,12.8,75.6,0.187,Amway Center,"734,531",26,5,25,25,25.0,19.0,25.0,25.0,18.0,11.0,21.0,14.0,21.0,19.0,29.0,23.0,17.0,17.0,30.0,12.0,None,16,240.6,38.8,85.9,0.452,10.3,29.3,0.35100000000000003,28.5,56.5,0.504,15.5,20.5,0.757,8.8,32.8,41.6,23.4,7.6,4.9,14.5,19.3,103.4,23,20,17,19.0,17,14,28.0,19,18,17.0,23,21,21.0,25,24,26,11,20,13,17,11,24,240.6,40.9,87.5,0.46799999999999997,10.0,27.6,0.36200000000000004,30.9,60.0,0.516,16.4,21.2,0.773,10.6,35.3,45.9,24.4,7.8,4.9,14.2,19.0,108.2,23,22,21,20.0,8,8,14.0,29,26,17.0,16,14,21.0,27,26,28,23,18,19,17,24,21
52,PHI,2018,52,30,53,29,4.5,-0.2,4.3,109.5,105.0,99.8,0.263,0.344,0.535,14.6,25.3,0.198,0.49200000000000005,12.6,78.6,0.218,Wells Fargo Center,"833,503",5,26,5,5,4.0,25.0,5.0,12.0,4.0,4.0,10.0,13.0,7.0,30.0,3.0,12.0,1.0,18.0,9.0,28.0,None,3,241.2,40.8,86.6,0.47200000000000003,11.0,29.8,0.369,29.9,56.7,0.526,17.1,22.8,0.752,10.9,36.5,47.4,27.1,8.3,5.1,16.5,22.1,109.8,16,5,13,8.0,12,12,10.0,11,17,7.0,11,10,23.0,3,1,1,2,7,9,30,29,7,241.2,38.0,87.6,0.434,10.1,29.6,0.342,27.9,58.0,0.48200000000000004,19.1,25.6,0.745,10.0,32.2,42.2,21.7,8.5,5.1,14.3,20.4,105.3,16,5,22,1.0,9,17,2.0,5,22,1.0,29,29,2.0,20,4,6,5,26,21,15,11,11
53,PHO,2018,21,61,19,63,-9.37,0.57,-8.8,103.5,112.8,100.3,0.275,0.32,0.495,13.9,22.5,0.203,0.5329999999999999,11.9,76.5,0.212,Talking Stick Resort Arena,"690,576",30,1,30,30,30.0,1.0,30.0,30.0,30.0,3.0,7.0,19.0,30.0,26.0,14.0,7.0,24.0,28.0,23.0,24.0,None,23,240.3,38.5,87.1,0.442,9.3,27.9,0.33399999999999996,29.1,59.2,0.49200000000000005,17.7,23.9,0.741,10.3,33.9,44.1,21.3,6.9,4.5,15.7,22.0,103.9,27,24,7,28.0,23,20,30.0,15,9,24.0,7,6,27.0,8,15,12,29,27,21,28,28,21,240.3,41.8,88.7,0.47100000000000003,10.9,29.2,0.373,30.9,59.5,0.519,18.8,24.6,0.7659999999999999,10.4,35.4,45.9,23.3,8.7,6.0,13.4,20.9,113.3,27,29,26,26.0,22,15,26.0,27,24,20.0,28,28,15.0,26,27,29,13,29,30,27,4,30
54,POR,2018,49,33,48,34,2.6,0.0,2.6,109.1,106.4,96.5,0.24,0.324,0.511,12.3,23.3,0.192,0.503,11.7,79.1,0.193,Moda Center,"795,750",7,24,9,9,9.0,16.0,9.0,15.0,8.0,19.0,19.0,18.0,23.0,7.0,10.0,17.0,4.0,29.0,5.0,18.0,None,8,240.9,39.3,87.0,0.452,10.3,28.1,0.366,29.0,58.8,0.493,16.7,20.9,0.8,10.2,35.3,45.5,19.5,7.0,5.2,13.5,19.5,105.6,18,15,8,20.0,16,19,11.0,17,11,23.0,15,18,3.0,9,5,3,30,26,7,8,13,16,240.9,38.4,85.9,0.447,9.7,26.6,0.364,28.7,59.3,0.484,16.6,22.0,0.755,9.3,33.6,42.9,20.2,7.3,5.1,12.6,19.1,103.0,18,7,16,4.0,7,5,16.0,11,23,2.0,18,18,4.0,10,16,13,2,10,22,29,23,5
55,SAC,2018,27,55,23,59,-6.99,0.39,-6.6,103.7,111.1,94.9,0.19399999999999998,0.278,0.502,12.8,21.5,0.14300000000000002,0.542,13.5,77.6,0.19899999999999998,Golden 1 Center,"714,680",24,6,29,29,28.0,3.0,28.0,29.0,28.0,30.0,30.0,28.0,27.0,13.0,20.0,30.0,30.0,10.0,14.0,20.0,None,18,240.9,38.8,86.1,0.45,9.0,24.0,0.375,29.8,62.1,0.479,12.3,16.7,0.735,9.5,31.4,40.9,21.6,7.8,4.1,13.7,20.0,98.8,18,21,15,22.0,26,28,3.0,12,3,29.0,30,30,28.0,19,29,28,25,11,25,9,19,30,240.9,38.7,82.4,0.47,11.9,31.5,0.377,26.8,50.9,0.527,16.4,21.5,0.765,9.1,34.7,43.8,23.6,7.8,4.7,14.3,17.3,105.8,18,10,2,25.0,29,28,29.0,2,1,26.0,17,17,13.0,7,23,20,18,17,14,12,30,14
56,SAS,2018,47,35,49,33,2.89,0.0,2.89,107.9,104.8,95.0,0.245,0.282,0.507,12.2,23.7,0.18899999999999997,0.507,13.2,78.6,0.17,AT&T Center,"754,562",12,18,8,8,8.0,17.0,8.0,17.0,3.0,28.0,17.0,27.0,26.0,5.0,6.0,18.0,8.0,12.0,8.0,3.0,None,12,240.6,39.0,85.4,0.457,8.5,24.1,0.35200000000000004,30.6,61.2,0.499,16.1,20.9,0.772,10.4,33.9,44.2,22.8,7.7,5.6,13.1,17.2,102.7,23,17,22,16.0,28,27,26.0,9,5,20.0,19,18,13.0,6,14,11,15,14,4,4,1,27,240.6,38.2,84.3,0.45299999999999996,9.1,26.3,0.348,29.0,58.0,0.501,14.3,18.9,0.759,9.2,33.3,42.5,21.8,7.6,3.9,14.1,19.7,99.8,23,6,8,8.0,3,4,4.0,16,21,8.0,1,3,9.0,8,14,10,8,14,2,20,18,1
57,TOR,2018,59,23,60,22,7.78,-0.49,7.29,113.8,105.9,97.4,0.25,0.377,0.539,12.1,23.0,0.198,0.501,13.0,77.7,0.212,Air Canada Centre,"813,431",2,29,2,2,2.0,30.0,2.0,2.0,5.0,14.0,16.0,5.0,5.0,4.0,11.0,11.0,3.0,15.0,13.0,25.0,None,4,241.8,41.3,87.4,0.47200000000000003,11.8,33.0,0.358,29.5,54.4,0.541,17.3,21.8,0.794,9.8,34.2,44.0,24.3,7.6,6.1,13.4,21.7,111.7,8,3,6,7.0,4,3,18.0,13,25,3.0,9,13,4.0,14,11,14,6,18,2,6,27,4,241.8,38.4,85.6,0.449,8.9,25.0,0.35700000000000004,29.5,60.6,0.486,18.2,23.7,0.767,9.8,32.6,42.4,21.8,7.2,4.9,14.3,19.9,103.9,8,8,14,5.0,1,2,11.0,21,27,3.0,26,27,16.0,17,5,7,7,5,18,12,16,6
58,UTA,2018,48,34,53,29,4.3,0.17,4.47,108.4,103.9,95.7,0.26,0.35700000000000004,0.527,13.7,21.5,0.20199999999999999,0.506,14.0,79.8,0.19,Vivint Smart Home Arena,"734,806",8,20,4,4,5.0,7.0,4.0,16.0,2.0,25.0,12.0,10.0,9.0,24.0,17.0,8.0,6.0,4.0,4.0,15.0,None,15,240.9,38.3,82.9,0.462,10.8,29.6,0.366,27.5,53.3,0.515,16.8,21.5,0.779,9.0,34.2,43.3,22.4,8.6,5.1,14.7,19.6,104.1,18,26,29,13.0,13,13,12.0,25,26,12.0,14,15,12.0,23,11,20,21,4,9,20,16,19,240.9,37.3,83.0,0.449,9.5,26.0,0.365,27.8,57.0,0.488,15.8,20.5,0.7709999999999999,8.7,33.0,41.6,20.0,8.3,4.6,14.9,20.5,99.8,18,2,3,6.0,5,3,17.0,4,15,4.0,8,10,19.0,3,10,1,1,24,11,6,8,1
59,WAS,2018,43,39,43,39,0.59,-0.06,0.53,109.3,108.7,96.6,0.254,0.31,0.525,13.3,23.5,0.196,0.522,13.6,77.1,0.212,Capital One Arena,"739,302",17,14,15,15,15.0,18.0,15.0,14.0,15.0,18.0,15.0,24.0,11.0,21.0,9.0,15.0,15.0,9.0,18.0,26.0,None,14,242.1,39.9,85.6,0.467,9.9,26.5,0.375,30.0,59.1,0.508,16.8,21.8,0.772,10.0,33.1,43.1,25.2,7.9,4.3,14.6,21.3,106.6,5,12,19,11.0,21,23,4.0,10,10,14.0,13,14,15.0,13,22,21,4,10,22,18,25,13,242.1,39.0,84.4,0.462,10.2,29.2,0.349,28.8,55.2,0.522,17.9,23.5,0.7609999999999999,9.8,32.7,42.5,22.3,7.8,4.7,14.9,20.0,106.0,5,11,9,15.0,12,14,6.0,12,9,23.0,22,26,10.0,16,7,10,10,19,13,6,15,15
60,ATL,2019,29,53,27,55,-6.02,-0.04,-6.06,108.1,113.9,103.9,0.255,0.40299999999999997,0.522,14.3,24.7,0.192,0.541,12.8,76.4,0.237,State Farm Arena,"628,440",26,5,26,26,26.0,18.0,26.0,23.0,27.0,1.0,17.0,4.0,17.0,30.0,6.0,19.0,27.0,12.0,20.0,30.0,None,27,242.1,41.4,91.8,0.451,13.0,37.0,0.35200000000000004,28.4,54.8,0.518,17.6,23.4,0.752,11.6,34.5,46.1,25.8,8.2,5.1,17.0,23.6,113.3,7,15,4,21.0,4,3,16.0,21,24,15.0,18,12,21.0,4,18,12,10,11,14,30,29,12,242.1,42.8,90.5,0.473,12.4,34.4,0.359,30.4,56.1,0.5429999999999999,21.5,28.3,0.758,10.6,35.4,46.0,26.9,9.9,5.5,15.0,22.2,119.4,7,27,21,26.0,28,28,19.0,23,9,29.0,30,30,8.0,19,21,23,30,30,24,8,5,30
61,BOS,2019,49,33,52,30,4.44,-0.54,3.9,112.2,107.8,99.6,0.215,0.381,0.534,11.5,21.6,0.17300000000000001,0.514,13.4,77.0,0.198,TD Garden,"763,584",9,21,6,6,6.0,27.0,8.0,10.0,7.0,16.0,30.0,9.0,7.0,4.0,24.0,28.0,9.0,8.0,18.0,17.0,None,11,241.2,42.1,90.5,0.465,12.6,34.5,0.365,29.5,56.0,0.527,15.6,19.5,0.802,9.8,34.7,44.5,26.3,8.6,5.3,12.8,20.4,112.4,18,11,9,14.0,6,7,7.0,18,18,11.0,28,29,4.0,20,16,22,5,4,10,3,12,14,241.2,39.5,88.1,0.44799999999999995,11.5,33.5,0.344,28.0,54.6,0.513,17.4,22.8,0.764,10.4,35.5,45.9,23.7,6.8,3.9,15.1,19.5,108.0,18,4,9,4.0,15,22,6.0,5,5,12.0,13,16,12.0,16,22,22,8,2,2,7,26,8
62,BRK,2019,42,40,41,41,-0.07,-0.33,-0.4,109.6,109.7,100.8,0.284,0.40299999999999997,0.52,13.0,23.8,0.21100000000000002,0.512,11.6,76.4,0.19,Barclays Center,"612,597",14,16,15,15,15.0,23.0,15.0,19.0,14.0,11.0,5.0,5.0,18.0,25.0,10.0,6.0,7.0,23.0,21.0,10.0,None,30,243.7,40.3,89.7,0.449,12.8,36.2,0.353,27.5,53.6,0.513,19.0,25.5,0.745,11.0,35.6,46.6,23.8,6.6,4.1,15.1,21.5,112.2,1,20,14,25.0,5,5,14.0,27,25,17.0,6,4,24.0,10,10,7,21,27,28,26,23,15,243.7,42.2,92.5,0.456,10.3,30.3,0.341,31.9,62.1,0.513,17.6,22.8,0.77,11.0,35.2,46.2,23.7,7.8,5.3,13.5,22.0,112.3,1,23,27,12.0,5,9,3.0,30,30,11.0,16,16,21.0,24,18,24,10,22,22,20,7,18
63,CHO,2019,39,43,38,44,-1.1,-0.22,-1.32,111.4,112.5,98.7,0.257,0.37799999999999995,0.514,10.9,21.7,0.205,0.5379999999999999,12.1,77.1,0.179,Spectrum Center,"676,570",17,12,19,19,18.0,20.0,22.0,12.0,22.0,21.0,15.0,11.0,24.0,1.0,23.0,10.0,24.0,17.0,16.0,3.0,None,23,241.8,40.2,89.8,0.44799999999999995,11.9,33.9,0.35100000000000003,28.3,55.8,0.507,18.4,23.1,0.797,9.9,33.9,43.8,23.2,7.2,4.9,12.2,18.9,110.7,11,21,12,26.0,11,10,18.0,24,19,22.0,9,16,6.0,19,22,23,24,21,18,2,3,19,241.8,41.9,89.2,0.47,12.1,33.5,0.361,29.8,55.6,0.536,15.9,20.2,0.787,10.1,35.7,45.8,26.0,6.9,6.0,13.5,20.6,111.8,11,20,13,25.0,25,22,23.0,14,7,24.0,5,2,30.0,12,25,21,26,4,29,17,18,17
64,CHI,2019,22,60,21,61,-8.41,0.1,-8.32,104.8,113.2,99.0,0.235,0.295,0.505,12.7,19.4,0.184,0.541,11.9,77.3,0.188,United Center,"823,475",27,4,27,27,27.0,16.0,27.0,29.0,25.0,19.0,26.0,28.0,28.0,22.0,30.0,22.0,26.0,18.0,13.0,7.0,None,2,242.7,39.8,87.9,0.45299999999999996,9.1,25.9,0.35100000000000003,30.7,62.0,0.496,16.2,20.7,0.7829999999999999,8.8,34.1,42.9,21.9,7.4,4.3,14.1,20.3,104.9,3,23,22,20.0,30,27,19.0,13,5,28.0,25,26,11.0,30,21,25,27,20,26,19,9,27,242.7,42.2,89.2,0.473,12.1,33.0,0.365,30.2,56.2,0.537,16.8,22.0,0.763,10.0,36.4,46.4,25.5,7.3,5.8,13.3,18.7,113.4,3,24,15,27.0,24,20,26.0,18,10,25.0,9,8,10.0,11,28,25,22,9,28,22,30,20
65,CLE,2019,19,63,19,63,-9.61,0.22,-9.39,107.7,117.6,96.6,0.23600000000000002,0.332,0.503,12.2,23.7,0.187,0.564,11.5,77.0,0.18100000000000002,Quicken Loans Arena,"793,337",28,2,30,30,30.0,12.0,30.0,25.0,30.0,29.0,25.0,23.0,29.0,12.0,11.0,21.0,30.0,26.0,17.0,4.0,None,8,240.9,38.9,87.6,0.444,10.3,29.1,0.355,28.6,58.5,0.488,16.4,20.7,0.792,10.7,31.9,42.7,20.7,6.5,2.4,13.5,20.0,104.5,24,26,23,28.0,20,24,13.0,20,13,29.0,22,27,7.0,12,28,26,29,28,30,9,6,29,240.9,43.2,87.2,0.495,12.0,31.6,0.38,31.2,55.6,0.561,15.8,20.5,0.77,9.5,34.6,44.1,25.7,6.9,5.6,12.5,19.4,114.1,24,28,7,30.0,22,11,30.0,25,6,30.0,3,3,19.0,6,13,8,24,6,27,28,28,24
66,DAL,2019,33,49,38,44,-1.28,0.42,-0.87,109.4,110.7,99.0,0.29100000000000004,0.42200000000000004,0.519,12.7,22.7,0.21600000000000003,0.522,11.6,77.5,0.191,American Airlines Center,"820,569",22,7,21,21,20.0,4.0,19.0,20.0,18.0,20.0,4.0,2.0,19.0,20.0,15.0,5.0,16.0,24.0,12.0,12.0,None,3,241.2,38.8,86.9,0.447,12.5,36.6,0.34,26.3,50.2,0.524,18.8,25.3,0.742,10.1,35.2,45.3,23.4,6.5,4.3,14.2,20.1,108.9,18,28,28,27.0,7,4,27.0,29,29,13.0,7,5,25.0,16,14,16,22,29,26,20,8,21,241.2,40.9,89.2,0.45899999999999996,11.2,32.5,0.344,29.7,56.7,0.525,17.1,22.0,0.777,10.2,34.6,44.8,24.5,7.8,4.5,13.0,23.2,110.1,18,14,14,16.0,12,16,7.0,12,12,18.0,11,7,25.0,14,14,14,14,23,6,25,2,13
67,DEN,2019,54,28,51,31,3.95,0.24,4.19,113.0,108.9,97.7,0.23199999999999998,0.348,0.527,11.9,26.6,0.175,0.521,12.3,78.0,0.19399999999999998,Pepsi Center,"756,457",4,27,8,8,8.0,8.0,7.0,6.0,10.0,27.0,27.0,15.0,15.0,8.0,2.0,27.0,15.0,15.0,8.0,15.0,None,12,240.6,41.9,90.0,0.466,11.0,31.4,0.35100000000000003,30.9,58.7,0.527,15.8,20.9,0.755,11.9,34.5,46.4,27.4,7.7,4.4,13.4,20.0,110.7,27,12,11,13.0,18,16,17.0,10,12,10.0,27,25,20.0,2,17,8,2,13,24,8,7,20,240.6,39.6,86.4,0.45799999999999996,10.8,31.9,0.33899999999999997,28.8,54.5,0.528,16.7,22.2,0.753,9.7,32.7,42.5,24.6,7.4,5.0,13.5,20.4,106.7,27,5,4,15.0,10,13,1.0,6,4,21.0,7,9,2.0,7,2,1,16,14,14,17,20,6
68,DET,2019,41,41,40,42,-0.24,-0.31,-0.56,109.0,109.2,97.4,0.262,0.39399999999999996,0.509,12.3,24.8,0.195,0.526,12.8,78.7,0.21100000000000002,Little Caesars Arena,"675,963",16,15,17,17,17.0,22.0,17.0,21.0,11.0,28.0,12.0,6.0,26.0,14.0,4.0,16.0,19.0,11.0,5.0,26.0,None,24,242.1,38.8,88.3,0.44,12.1,34.8,0.348,26.7,53.5,0.5,17.3,23.1,0.747,11.4,33.6,45.0,22.5,6.9,4.0,13.8,22.1,107.0,7,27,19,29.0,9,6,23.0,28,26,27.0,19,17,23.0,5,24,18,26,22,29,11,26,25,242.1,39.9,85.0,0.469,9.6,27.8,0.345,30.3,57.2,0.53,17.9,23.7,0.755,9.1,34.6,43.7,23.7,6.9,5.1,14.1,21.3,107.3,7,6,2,24.0,1,2,9.0,21,17,22.0,18,21,5.0,3,12,6,8,5,17,14,11,7
69,GSW,2019,57,25,56,26,6.46,-0.04,6.42,115.9,109.5,100.9,0.22699999999999998,0.384,0.565,12.6,22.5,0.182,0.508,11.7,77.1,0.205,Oracle Arena,"803,436",3,28,2,2,2.0,19.0,2.0,1.0,13.0,10.0,28.0,8.0,1.0,18.0,16.0,23.0,3.0,20.0,14.0,21.0,None,6,241.5,44.0,89.8,0.491,13.3,34.4,0.385,30.8,55.3,0.557,16.3,20.4,0.8009999999999999,9.7,36.5,46.2,29.4,7.6,6.4,14.3,21.4,117.7,15,1,13,1.0,3,8,3.0,12,22,2.0,23,28,5.0,21,3,11,1,15,1,21,22,2,241.5,40.4,91.1,0.444,11.6,33.6,0.34700000000000003,28.8,57.5,0.5,18.7,24.2,0.773,10.8,33.5,44.3,24.3,7.7,3.6,13.5,19.5,111.2,15,11,24,3.0,17,25,11.0,7,20,4.0,24,24,23.0,21,5,10,12,19,1,19,27,16
70,HOU,2019,53,29,53,29,4.77,0.19,4.96,115.5,110.7,97.9,0.27899999999999997,0.519,0.542,12.0,22.8,0.221,0.525,13.4,74.4,0.21,Toyota Center,"740,392",5,25,5,5,5.0,13.0,5.0,2.0,17.0,26.0,6.0,1.0,4.0,9.0,14.0,3.0,18.0,7.0,28.0,25.0,None,16,241.8,39.2,87.4,0.449,16.1,45.4,0.35600000000000004,23.1,42.0,0.551,19.3,24.4,0.7909999999999999,10.2,31.9,42.1,21.2,8.5,4.9,13.3,22.0,113.9,11,25,26,24.0,1,1,12.0,30,30,3.0,3,7,9.0,14,29,28,28,5,18,6,25,11,241.8,40.4,86.7,0.466,10.1,29.8,0.34,30.3,56.9,0.532,18.2,23.7,0.768,11.0,34.5,45.4,23.5,7.4,4.5,15.0,20.0,109.1,11,10,5,19.0,3,4,2.0,20,13,23.0,21,20,16.0,23,10,16,7,11,8,9,24,10
71,IND,2019,48,34,50,32,3.33,-0.57,2.76,109.9,106.5,98.1,0.242,0.292,0.53,12.4,21.9,0.182,0.516,14.1,76.2,0.184,Bankers Life Fieldhouse,"689,310",11,18,9,9,10.0,28.0,10.0,18.0,3.0,24.0,23.0,29.0,10.0,17.0,21.0,23.0,13.0,2.0,23.0,5.0,None,22,240.3,41.3,87.0,0.475,9.5,25.4,0.374,31.8,61.6,0.517,15.8,21.1,0.752,9.3,33.7,43.0,26.0,8.7,4.9,13.7,19.4,108.0,30,16,27,4.0,29,29,5.0,5,7,16.0,26,23,22.0,25,23,24,9,3,20,10,4,22,240.3,38.7,86.1,0.45,11.4,32.1,0.354,27.4,54.0,0.507,15.8,21.0,0.7559999999999999,10.5,33.1,43.7,24.5,7.4,5.2,15.7,20.0,104.7,30,3,3,6.0,14,14,14.0,3,3,7.0,4,6,7.0,17,3,5,13,13,21,5,23,1
72,LAC,2019,48,34,43,39,0.85,0.23,1.09,112.4,111.5,101.7,0.326,0.295,0.529,12.7,22.0,0.258,0.514,11.4,76.0,0.22399999999999998,STAPLES Center,"710,327",11,18,13,13,13.0,10.0,13.0,9.0,21.0,7.0,1.0,27.0,12.0,21.0,19.0,1.0,8.0,27.0,25.0,27.0,None,20,241.8,41.3,87.5,0.47100000000000003,10.0,25.8,0.38799999999999996,31.3,61.7,0.507,22.6,28.5,0.792,9.7,35.8,45.5,24.0,6.8,4.7,14.5,23.3,115.1,11,17,24,7.0,25,28,2.0,9,6,23.0,1,1,8.0,22,8,13,18,23,22,22,28,5,241.8,41.7,91.3,0.457,10.4,30.2,0.34299999999999997,31.4,61.1,0.513,20.5,26.3,0.777,11.3,34.5,45.7,24.1,8.3,6.1,13.2,24.0,114.3,11,18,25,14.0,6,8,5.0,28,28,14.0,28,28,24.0,28,11,19,11,25,30,24,1,25
73,LAL,2019,37,45,37,45,-1.72,0.39,-1.33,107.8,109.5,103.2,0.257,0.342,0.527,13.4,22.2,0.18,0.516,12.2,76.4,0.192,STAPLES Center,"778,877",20,11,23,23,23.0,5.0,23.0,24.0,12.0,4.0,16.0,17.0,14.0,28.0,17.0,25.0,11.0,16.0,22.0,13.0,None,10,241.2,42.6,90.5,0.47,10.3,31.0,0.33299999999999996,32.2,59.6,0.541,16.3,23.3,0.6990000000000001,10.2,36.4,46.6,25.6,7.5,5.4,15.7,20.7,111.8,18,6,8,9.0,20,17,29.0,3,10,5.0,24,14,29.0,15,4,6,11,16,8,29,13,16,241.2,41.9,92.8,0.452,11.8,34.0,0.349,30.1,58.9,0.511,17.8,22.7,0.784,11.3,35.6,46.9,25.0,8.3,5.1,14.2,20.8,113.5,18,21,28,9.0,20,27,13.0,16,24,10.0,17,14,28.0,27,23,26,21,26,20,12,15,21
74,MEM,2019,33,49,34,48,-2.6,0.51,-2.08,106.1,108.8,96.6,0.272,0.342,0.508,12.9,20.0,0.21,0.521,13.9,77.6,0.23199999999999998,FedEx Forum,"638,332",22,7,24,24,24.0,2.0,24.0,27.0,9.0,30.0,7.0,18.0,27.0,23.0,29.0,7.0,14.0,3.0,11.0,28.0,None,26,242.4,38.0,84.4,0.45,9.9,28.9,0.342,28.1,55.6,0.505,17.7,23.0,0.772,8.8,33.0,41.8,23.9,8.3,5.5,14.0,22.0,103.5,4,30,30,23.0,27,25,25.0,26,21,24.0,15,18,15.0,29,26,29,19,6,4,15,24,30,242.4,37.6,83.4,0.451,11.6,32.2,0.36,26.0,51.2,0.508,19.3,24.7,0.784,9.5,35.2,44.7,23.4,7.6,4.9,15.2,21.4,106.1,4,1,1,7.0,16,15,21.0,1,1,8.0,27,27,29.0,5,17,12,6,18,13,6,9,3
75,MIA,2019,39,43,40,42,-0.23,-0.22,-0.45,107.3,107.6,98.2,0.247,0.368,0.515,13.1,24.8,0.172,0.51,12.7,77.6,0.201,AmericanAirlines Arena,"805,264",17,12,16,16,16.0,21.0,16.0,26.0,6.0,23.0,20.0,13.0,21.0,26.0,5.0,29.0,5.0,13.0,10.0,19.0,None,5,240.6,39.6,88.0,0.45,11.3,32.4,0.349,28.3,55.6,0.509,15.1,21.7,0.695,11.2,35.1,46.3,24.3,7.6,5.5,14.7,20.9,105.7,27,24,21,22.0,15,14,21.0,22,20,20.0,29,22,30.0,7,15,10,17,14,4,23,15,26,240.6,38.3,86.8,0.441,11.9,33.1,0.358,26.4,53.6,0.493,17.5,22.7,0.769,10.1,34.0,44.2,23.3,7.5,4.7,14.1,20.1,105.9,27,2,6,2.0,21,21,17.0,2,2,2.0,14,13,18.0,13,7,9,4,15,11,13,22,2
76,MIL,2019,60,22,61,21,8.87,-0.82,8.04,113.8,105.2,103.3,0.255,0.419,0.55,12.0,20.8,0.19699999999999998,0.503,11.5,80.3,0.162,Fiserv Forum,"721,692",1,30,1,1,1.0,30.0,1.0,4.0,1.0,2.0,17.0,3.0,2.0,10.0,27.0,15.0,1.0,25.0,1.0,1.0,None,17,241.2,43.4,91.1,0.47600000000000003,13.5,38.2,0.353,29.9,52.9,0.565,17.9,23.2,0.773,9.3,40.4,49.7,26.0,7.5,5.9,13.9,19.6,118.1,18,3,6,3.0,2,2,15.0,16,27,1.0,12,15,14.0,25,1,1,7,17,2,13,5,1,241.2,40.5,93.5,0.433,13.1,36.3,0.361,27.4,57.2,0.479,15.1,20.7,0.733,9.9,35.4,45.3,24.8,6.8,4.8,13.4,20.2,109.3,18,12,30,1.0,30,30,22.0,4,18,1.0,1,4,1.0,9,20,15,19,3,12,21,21,11
77,MIN,2019,36,46,37,45,-1.5,0.48,-1.02,111.4,112.9,100.2,0.267,0.315,0.511,11.4,24.6,0.21,0.5379999999999999,12.9,74.9,0.19,Target Center,"627,543",21,10,22,22,22.0,3.0,20.0,11.0,24.0,14.0,9.0,26.0,25.0,3.0,7.0,7.0,25.0,10.0,27.0,9.0,None,28,241.8,41.6,91.3,0.456,10.1,28.7,0.35100000000000003,31.5,62.5,0.504,19.1,24.3,0.787,11.3,33.5,44.8,24.6,8.3,5.0,13.1,20.3,112.5,11,13,5,17.0,23,26,19.0,6,3,25.0,4,8,10.0,6,25,19,15,7,17,4,10,13,241.8,42.1,90.1,0.467,12.7,33.6,0.37799999999999995,29.4,56.5,0.52,17.1,22.3,0.767,11.2,34.4,45.6,26.2,6.6,5.5,14.7,21.9,114.0,11,22,20,23.0,29,24,29.0,8,11,16.0,12,11,15.0,26,9,17,27,1,25,11,8,23
78,NOP,2019,33,49,38,44,-1.33,0.23,-1.1,111.4,112.6,103.3,0.254,0.324,0.529,12.6,24.1,0.193,0.532,11.6,76.8,0.193,Smoothie King Center,"656,183",22,7,20,20,21.0,11.0,21.0,13.0,23.0,3.0,19.0,24.0,11.0,19.0,9.0,18.0,21.0,22.0,19.0,14.0,None,25,240.9,43.7,92.2,0.473,10.3,29.9,0.344,33.4,62.4,0.536,17.8,23.4,0.7609999999999999,11.1,36.2,47.3,27.0,7.4,5.4,14.8,21.1,115.4,24,2,3,6.0,22,21,24.0,1,4,8.0,13,11,18.0,8,6,5,3,18,7,24,19,3,240.9,43.3,92.8,0.466,12.3,33.7,0.364,31.0,59.1,0.525,17.9,23.5,0.764,11.0,34.8,45.8,26.5,8.6,5.4,13.6,21.0,116.8,24,29,28,20.0,27,26,25.0,24,25,19.0,19,19,11.0,22,16,20,29,28,23,16,13,27
79,NYK,2019,17,65,19,63,-9.21,0.28,-8.93,104.5,113.7,99.6,0.27,0.33399999999999996,0.49,12.4,22.1,0.205,0.5329999999999999,11.7,76.1,0.203,Madison Square Garden (IV),"779,087",30,1,29,29,28.0,7.0,29.0,30.0,26.0,17.0,8.0,22.0,30.0,16.0,18.0,11.0,23.0,21.0,24.0,20.0,None,9,241.2,38.2,88.3,0.433,10.0,29.5,0.34,28.2,58.8,0.479,18.1,23.9,0.759,10.5,34.3,44.7,20.1,6.8,5.1,14.0,20.9,104.6,18,29,18,30.0,24,22,28.0,25,11,30.0,11,10,19.0,13,20,20,30,24,13,17,16,28,241.2,41.9,89.7,0.467,11.8,32.6,0.363,30.1,57.1,0.527,18.2,23.8,0.7659999999999999,10.7,36.8,47.5,25.6,7.4,5.6,13.2,20.8,113.8,18,19,16,22.0,19,17,24.0,15,15,20.0,21,22,14.0,20,30,29,23,11,26,23,14,22
80,OKC,2019,49,33,50,32,3.4,0.15,3.56,110.3,107.0,102.8,0.266,0.34700000000000003,0.514,11.7,26.0,0.19,0.523,14.4,78.2,0.20600000000000002,Chesapeake Energy Arena,"746,323",9,21,10,10,9.0,14.0,9.0,17.0,4.0,6.0,10.0,16.0,22.0,6.0,3.0,20.0,17.0,1.0,7.0,23.0,None,15,242.1,42.6,94.0,0.45399999999999996,11.4,32.6,0.348,31.3,61.3,0.51,17.8,25.0,0.713,12.6,35.5,48.1,23.4,9.3,5.2,14.0,22.4,114.5,7,5,1,18.0,13,13,22.0,8,8,19.0,14,6,28.0,1,11,2,23,1,12,14,27,7,242.1,40.8,88.7,0.46,11.2,31.6,0.35600000000000004,29.5,57.1,0.517,18.3,24.0,0.7609999999999999,9.9,35.8,45.7,24.9,8.2,5.1,16.7,22.5,111.1,7,13,12,17.0,13,12,16.0,11,16,15.0,23,23,9.0,8,26,18,20,24,16,1,3,15
81,ORL,2019,42,40,43,39,0.71,-0.43,0.28,108.9,108.1,98.1,0.21600000000000003,0.36,0.518,11.9,22.0,0.168,0.515,11.8,79.7,0.18600000000000003,Amway Center,"720,024",14,16,14,14,14.0,25.0,14.0,22.0,8.0,25.0,29.0,14.0,20.0,7.0,20.0,30.0,10.0,19.0,3.0,6.0,None,18,241.2,40.4,89.1,0.45399999999999996,11.4,32.1,0.35600000000000004,29.0,57.0,0.509,15.0,19.2,0.782,10.0,35.4,45.4,25.5,6.6,5.4,13.2,18.6,107.3,18,18,15,18.0,12,15,11.0,19,16,21.0,30,30,12.0,17,13,15,12,26,6,5,2,24,241.2,39.9,87.6,0.456,10.5,30.2,0.34700000000000003,29.5,57.4,0.513,16.3,20.9,0.778,9.0,35.6,44.6,23.1,7.0,4.4,13.0,18.7,106.6,18,7,8,11.0,7,7,10.0,9,19,12.0,6,5,27.0,2,24,11,2,7,5,26,29,5
82,PHI,2019,51,31,48,34,2.7,-0.44,2.25,112.6,110.0,101.6,0.312,0.342,0.532,12.9,24.5,0.24100000000000002,0.512,11.1,78.6,0.20600000000000002,Wells Fargo Center,"838,342",7,24,11,11,11.0,26.0,11.0,8.0,15.0,8.0,2.0,18.0,8.0,24.0,8.0,2.0,6.0,28.0,6.0,22.0,None,1,241.5,41.5,88.2,0.47100000000000003,10.8,30.2,0.359,30.7,58.0,0.529,21.2,27.5,0.7709999999999999,10.9,36.9,47.8,26.9,7.4,5.3,14.9,21.3,115.2,15,14,20,8.0,19,19,8.0,14,15,9.0,2,2,16.0,11,2,4,4,19,11,25,20,4,241.5,41.7,91.5,0.455,10.3,30.0,0.342,31.4,61.5,0.511,18.8,24.5,0.768,10.0,33.5,43.5,23.4,7.7,4.1,12.7,22.1,112.5,15,17,26,10.0,4,6,4.0,29,29,9.0,26,26,17.0,10,4,4,5,21,4,27,6,19
83,PHO,2019,19,63,19,63,-9.34,0.73,-8.61,105.9,115.1,100.5,0.259,0.335,0.514,13.8,20.5,0.20199999999999999,0.545,13.5,72.5,0.23600000000000002,Talking Stick Resort Arena,"627,023",28,2,28,28,29.0,1.0,28.0,28.0,29.0,12.0,13.0,21.0,23.0,29.0,28.0,13.0,28.0,6.0,30.0,29.0,None,29,242.4,40.1,87.4,0.45899999999999996,9.6,29.3,0.32899999999999996,30.5,58.1,0.525,17.6,22.7,0.779,9.1,31.3,40.4,23.9,9.0,5.1,15.6,23.6,107.5,4,22,25,16.0,28,23,30.0,15,14,12.0,17,20,13.0,28,30,30,20,2,15,28,29,23,242.4,42.5,88.2,0.48200000000000004,11.1,29.9,0.37200000000000005,31.3,58.2,0.5379999999999999,20.8,27.6,0.753,11.8,35.3,47.2,25.9,9.0,5.0,15.7,20.7,116.8,4,26,10,29.0,11,5,28.0,27,22,26.0,29,29,4.0,30,19,27,25,29,15,4,17,28
84,POR,2019,53,29,51,31,4.2,0.24,4.43,114.7,110.5,99.1,0.258,0.33899999999999997,0.528,12.1,26.6,0.21,0.516,11.0,77.9,0.195,Moda Center,"799,345",5,25,7,7,7.0,9.0,6.0,3.0,16.0,18.0,14.0,20.0,13.0,11.0,1.0,7.0,12.0,30.0,9.0,16.0,None,7,242.1,42.3,90.6,0.467,11.0,30.7,0.359,31.3,59.8,0.523,19.0,23.3,0.8140000000000001,11.8,36.2,48.0,23.0,6.7,5.0,13.8,20.4,114.7,7,7,7,12.0,17,18,9.0,7,9,14.0,5,13,2.0,3,7,3,25,25,16,11,11,6,242.1,41.1,90.0,0.457,10.7,29.8,0.359,30.4,60.3,0.505,17.5,22.8,0.77,10.3,32.6,42.8,23.2,7.4,5.1,12.4,20.7,110.5,7,15,19,13.0,8,3,20.0,22,26,5.0,15,15,20.0,15,1,3,3,10,18,29,16,14
85,SAC,2019,39,43,38,44,-1.12,0.31,-0.81,110.4,111.5,103.1,0.244,0.321,0.524,11.5,23.1,0.177,0.5329999999999999,13.6,75.5,0.207,Golden 1 Center,"700,975",17,12,18,18,19.0,6.0,18.0,16.0,20.0,5.0,22.0,25.0,16.0,5.0,12.0,26.0,22.0,4.0,26.0,24.0,None,21,240.6,43.2,93.1,0.46399999999999997,11.3,29.9,0.37799999999999995,31.9,63.2,0.504,16.5,22.7,0.726,11.0,34.4,45.4,25.4,8.3,4.4,13.4,21.4,114.2,27,4,2,15.0,16,20,4.0,4,1,26.0,21,19,27.0,9,19,14,14,10,24,7,21,9,240.6,42.3,90.6,0.466,12.0,34.6,0.348,30.2,56.0,0.54,18.8,24.4,0.77,11.2,36.8,48.0,24.7,7.5,5.1,15.9,21.4,115.3,27,25,23,20.0,23,29,12.0,19,8,27.0,25,25,21.0,25,29,30,17,16,18,2,10,26
86,SAS,2019,48,34,45,37,1.68,0.12,1.8,112.9,111.2,98.3,0.237,0.28600000000000003,0.534,11.0,21.0,0.19399999999999998,0.528,11.0,79.4,0.17,AT&T Center,"750,616",11,18,12,12,12.0,15.0,12.0,7.0,19.0,22.0,24.0,30.0,6.0,2.0,26.0,17.0,20.0,29.0,4.0,2.0,None,13,241.5,42.3,88.4,0.478,9.9,25.3,0.392,32.4,63.1,0.513,17.2,21.0,0.8190000000000001,9.2,35.5,44.7,24.5,6.1,4.7,12.1,18.1,111.7,15,8,17,2.0,26,30,1.0,2,2,18.0,20,24,1.0,27,12,21,16,30,21,1,1,18,241.5,41.5,89.7,0.46299999999999997,11.7,32.7,0.359,29.8,57.0,0.522,15.2,20.2,0.755,9.2,34.7,43.9,24.7,7.2,4.0,12.2,19.6,110.0,15,16,18,18.0,18,18,18.0,13,14,17.0,2,1,6.0,4,15,7,18,8,3,30,25,12
87,TOR,2019,58,24,56,26,6.09,-0.6,5.49,113.1,107.1,100.2,0.247,0.379,0.5429999999999999,12.4,21.9,0.198,0.509,13.1,77.1,0.19,Scotiabank Arena,"812,822",2,29,3,3,3.0,29.0,3.0,5.0,5.0,15.0,21.0,10.0,3.0,15.0,22.0,14.0,4.0,9.0,15.0,11.0,None,4,242.4,42.2,89.1,0.474,12.4,33.8,0.366,29.8,55.3,0.539,17.7,22.0,0.804,9.6,35.6,45.2,25.4,8.3,5.3,14.0,21.0,114.4,4,9,16,5.0,8,11,6.0,17,23,7.0,16,21,3.0,24,9,17,13,9,9,16,17,8,242.4,40.3,89.7,0.449,10.8,31.2,0.345,29.5,58.5,0.505,17.1,22.3,0.765,10.6,34.2,44.8,24.5,7.6,4.5,14.9,20.5,108.4,4,9,16,5.0,9,10,8.0,10,23,6.0,10,12,13.0,18,8,13,15,17,6,10,19,9
88,UTA,2019,50,32,54,28,5.26,0.03,5.28,110.9,105.7,100.3,0.295,0.39399999999999996,0.5379999999999999,13.4,22.9,0.217,0.507,12.4,80.3,0.18899999999999997,Vivint Smart Home Arena,"750,546",8,23,4,4,4.0,17.0,4.0,15.0,2.0,13.0,3.0,7.0,5.0,27.0,13.0,4.0,2.0,14.0,2.0,8.0,None,14,240.9,40.4,86.4,0.46799999999999997,12.1,34.0,0.35600000000000004,28.3,52.4,0.541,18.8,25.5,0.736,10.0,36.4,46.4,26.0,8.1,5.9,15.1,21.1,111.7,24,19,29,10.0,9,9,10.0,23,28,6.0,8,3,26.0,18,5,9,8,12,3,27,18,17,240.9,40.0,88.5,0.452,9.8,27.7,0.355,30.1,60.7,0.496,16.7,22.2,0.753,8.9,33.7,42.6,21.6,8.5,4.6,13.9,22.4,106.5,24,8,11,8.0,2,1,15.0,17,27,3.0,7,9,2.0,1,6,2,1,27,9,15,4,4
89,WAS,2019,32,50,34,48,-2.9,-0.4,-3.3,111.1,113.9,101.4,0.266,0.37,0.531,12.3,21.3,0.204,0.546,13.5,74.1,0.19899999999999998,Capital One Arena,"716,996",25,6,25,25,25.0,24.0,25.0,14.0,28.0,9.0,11.0,12.0,9.0,13.0,25.0,12.0,29.0,5.0,29.0,18.0,None,19,243.0,42.1,90.1,0.46799999999999997,11.3,33.3,0.341,30.8,56.8,0.5429999999999999,18.4,23.9,0.768,9.7,32.7,42.4,26.3,8.3,4.6,14.1,20.7,114.0,2,10,10,11.0,14,12,26.0,11,17,4.0,10,9,17.0,23,27,27,6,7,23,18,13,10,243.0,43.4,90.5,0.48,12.1,32.8,0.37,31.3,57.7,0.542,18.0,23.1,0.778,11.4,35.8,47.3,26.2,7.7,4.6,15.8,21.2,116.9,2,30,22,28.0,26,19,27.0,26,21,28.0,20,18,26.0,29,27,28,28,20,10,3,12,29
90,ATL,2020,20,47,18,49,-7.97,0.27,-7.71,107.2,114.8,103.0,0.258,0.39799999999999996,0.515,13.8,21.6,0.204,0.5429999999999999,12.7,74.9,0.233,State Farm Arena,"545,453",26,2,28,29,29.0,10.0,28.0,26.0,27.0,5.0,19.0,11.0,25.0,28.0,21.0,14.0,24.0,15.0,29.0,29.0,None,20,243.0,40.6,90.6,0.449,12.0,36.1,0.33299999999999996,28.6,54.5,0.525,18.5,23.4,0.79,9.9,33.4,43.3,24.0,7.8,5.1,16.2,23.1,111.8,23,17,7,23.0,16,8,30.0,17,18,14.0,12,15,10.0,19,23,22,17,13,12,28,30,17,243.0,43.3,90.7,0.478,11.9,32.7,0.363,31.4,58.0,0.542,21.2,27.4,0.772,11.2,35.9,47.0,25.0,9.0,6.4,15.0,21.0,119.7,23,29,24,26.0,11,7,22.0,28,27,25.0,30,30,16.0,29,25,28,21,29,30,11,13,30
91,BOS,2020,48,24,50,22,6.31,-0.47,5.83,113.3,107.0,99.5,0.259,0.386,0.531,12.2,23.9,0.207,0.509,13.5,77.4,0.215,TD Garden,"610,864",5,26,2,2,3.0,26.0,5.0,4.0,4.0,17.0,18.0,14.0,17.0,6.0,8.0,12.0,4.0,9.0,17.0,22.0,None,11,242.1,41.3,89.6,0.461,12.6,34.5,0.364,28.7,55.0,0.522,18.6,23.2,0.8009999999999999,10.7,35.4,46.1,23.0,8.3,5.6,13.8,21.6,113.7,13,12,11,17.0,12,13,13.0,16,16,18.0,11,18,5.0,6,11,8,25,6,5,8,20,9,242.1,38.4,87.1,0.441,11.8,34.8,0.34,26.6,52.3,0.508,18.8,24.5,0.767,10.3,34.0,44.3,22.4,7.1,5.5,15.2,20.7,107.3,13,2,8,4.0,10,16,2.0,4,6,7.0,20,19,9.0,18,8,11,2,8,25,9,15,2
92,BRK,2020,35,37,35,37,-0.57,-0.44,-1.01,108.9,109.5,101.4,0.267,0.423,0.52,13.1,23.2,0.19899999999999998,0.511,11.0,77.8,0.187,Barclays Center,"524,907",14,17,15,15,15.0,25.0,20.0,22.0,9.0,9.0,11.0,5.0,23.0,19.0,10.0,17.0,6.0,29.0,12.0,9.0,None,25,242.8,40.4,90.3,0.44799999999999995,13.1,38.1,0.34299999999999997,27.3,52.1,0.524,17.9,24.1,0.745,10.6,37.3,47.9,24.5,6.4,4.5,15.3,21.0,111.8,11,19,10,24.0,9,5,26.0,23,22,15.0,15,9,25.0,9,2,2,15,27,23,24,16,16,242.8,41.4,92.9,0.446,12.2,34.8,0.35,29.2,58.1,0.503,17.4,22.6,0.769,10.6,35.3,45.9,22.6,7.7,5.3,12.8,21.1,112.3,11,18,29,5.0,13,18,9.0,17,29,5.0,12,13,13.0,24,20,22,3,16,21,28,10,19
93,CHO,2020,23,42,19,46,-6.75,-0.28,-7.03,106.3,113.3,95.8,0.252,0.39899999999999997,0.504,13.3,23.9,0.188,0.546,13.1,74.4,0.159,Spectrum Center,"478,591",23,9,27,27,27.0,22.0,27.0,29.0,24.0,30.0,23.0,10.0,28.0,22.0,7.0,22.0,27.0,12.0,30.0,1.0,None,30,242.3,37.3,85.9,0.434,12.1,34.3,0.35200000000000004,25.2,51.6,0.489,16.2,21.6,0.748,11.0,31.8,42.8,23.8,6.6,4.1,14.6,18.8,102.9,26,30,26,30.0,15,14,19.0,29,25,30.0,26,25,24.0,3,29,26,19,26,25,14,3,30,242.3,41.7,87.5,0.47600000000000003,12.4,35.1,0.35200000000000004,29.3,52.5,0.5579999999999999,14.0,18.4,0.758,10.9,35.0,46.0,26.6,8.0,5.0,14.4,20.6,109.6,26,19,12,23.0,19,23,11.0,18,7,30.0,1,1,4.0,27,18,23,30,23,20,16,16,12
94,CHI,2020,22,43,26,39,-3.08,-0.93,-4.0,106.7,109.8,99.7,0.231,0.396,0.515,13.7,22.8,0.175,0.546,16.3,75.6,0.239,United Center,"639,352",24,8,23,18,22.0,30.0,22.0,27.0,12.0,16.0,27.0,12.0,24.0,25.0,13.0,28.0,26.0,1.0,26.0,30.0,None,4,241.2,39.6,88.6,0.447,12.2,35.1,0.348,27.4,53.5,0.511,15.5,20.5,0.755,10.5,31.4,41.9,23.2,10.0,4.1,15.5,21.8,106.8,29,25,16,26.0,14,11,22.0,21,19,25.0,28,27,21.0,13,30,29,23,1,26,27,24,27,241.2,39.5,82.5,0.479,11.2,31.6,0.353,28.3,50.9,0.557,19.7,26.0,0.759,10.2,35.4,45.5,25.4,8.2,5.9,18.3,19.2,109.9,29,7,1,27.0,4,4,12.0,14,4,28.0,28,28,5.0,16,22,20,25,24,28,1,29,14
95,CLE,2020,19,46,18,47,-7.89,0.12,-7.77,107.5,115.4,98.7,0.22699999999999998,0.36200000000000004,0.522,14.6,24.6,0.172,0.56,11.7,77.4,0.16399999999999998,Quicken Loans Arena,"643,008",28,4,29,28,28.0,15.0,29.0,25.0,29.0,23.0,29.0,19.0,22.0,30.0,3.0,29.0,30.0,25.0,16.0,2.0,None,2,241.9,40.3,87.9,0.45799999999999996,11.2,31.8,0.35100000000000003,29.1,56.1,0.519,15.1,19.9,0.758,10.8,33.4,44.2,23.1,6.9,3.2,16.5,18.3,106.9,27,20,24,19.0,21,20,20.0,14,13,20.0,29,29,20.0,4,22,19,24,25,30,30,1,26,241.9,43.9,89.4,0.491,12.4,33.0,0.375,31.5,56.4,0.5579999999999999,14.7,19.2,0.767,9.7,33.1,42.9,26.1,9.4,6.3,13.0,19.6,114.8,27,30,18,30.0,20,8,26.0,29,21,29.0,2,2,11.0,11,3,6,29,30,29,26,26,22
96,DAL,2020,43,32,49,26,4.95,-0.07,4.87,116.7,111.7,99.3,0.264,0.457,0.545,11.2,23.2,0.20600000000000002,0.525,10.6,77.7,0.175,American Airlines Center,"682,096",12,18,5,6,6.0,18.0,6.0,1.0,18.0,18.0,12.0,2.0,4.0,1.0,11.0,13.0,13.0,30.0,14.0,4.0,None,1,242.3,41.7,90.3,0.461,15.1,41.3,0.36700000000000005,26.5,49.0,0.541,18.6,23.8,0.779,10.5,36.4,46.9,24.7,6.1,4.8,12.7,19.5,117.0,1,9,9,16.0,2,2,10.0,26,28,4.0,10,11,14.0,11,4,4,14,29,16,2,6,3,242.3,41.9,91.6,0.45799999999999996,12.3,34.9,0.35100000000000003,29.7,56.7,0.523,16.0,21.0,0.76,10.4,35.0,45.4,23.9,7.0,4.1,11.9,21.3,112.1,1,21,26,13.0,17,20,10.0,22,24,13.0,5,6,7.0,21,17,19,10,5,5,30,9,16
97,DEN,2020,46,27,41,32,2.11,0.24,2.35,113.1,111.0,97.1,0.235,0.344,0.535,12.3,24.8,0.183,0.5329999999999999,12.9,76.8,0.198,Pepsi Center,"633,153",6,25,11,12,11.0,11.0,10.0,5.0,16.0,29.0,26.0,27.0,10.0,8.0,2.0,25.0,17.0,14.0,19.0,14.0,None,6,243.1,42.0,88.9,0.473,11.0,30.6,0.359,31.1,58.3,0.5329999999999999,16.2,20.9,0.777,10.8,33.4,44.1,26.7,8.0,4.6,13.8,20.3,111.3,3,8,15,4.0,24,26,15.0,5,6,6.0,25,26,16.0,5,24,20,4,9,19,7,11,19,243.1,40.0,86.5,0.46299999999999997,12.1,33.9,0.358,27.9,52.6,0.53,17.1,22.5,0.759,10.1,32.6,42.6,25.4,7.2,4.4,14.3,20.5,109.2,3,11,5,15.0,12,15,17.0,10,8,18.0,10,12,6.0,12,1,4,24,10,8,17,17,11
98,DET,2020,20,46,26,40,-3.56,-0.82,-4.38,109.0,112.7,97.6,0.261,0.381,0.529,13.8,22.6,0.19399999999999998,0.541,12.7,75.9,0.18600000000000003,Little Caesars Arena,"509,469",26,4,24,23,23.0,29.0,24.0,21.0,22.0,28.0,17.0,15.0,19.0,27.0,14.0,20.0,22.0,17.0,24.0,8.0,None,28,241.9,39.3,85.7,0.45899999999999996,12.0,32.7,0.36700000000000005,27.3,53.0,0.515,16.6,22.4,0.743,9.8,32.0,41.7,24.1,7.4,4.5,15.3,19.7,107.2,24,28,27,18.0,18,17,11.0,22,21,23.0,22,22,26.0,21,27,30,16,21,22,25,8,25,241.9,41.9,87.3,0.48,10.7,29.6,0.361,31.3,57.8,0.541,16.2,20.9,0.777,10.1,33.4,43.5,24.6,8.2,5.6,14.0,19.8,110.8,24,22,10,28.0,2,2,19.0,27,25,24.0,6,5,18.0,15,7,8,16,25,27,22,24,15
99,GSW,2020,15,50,16,49,-8.71,0.59,-8.12,105.2,113.8,100.3,0.264,0.355,0.49700000000000005,13.2,21.5,0.212,0.5529999999999999,13.7,76.4,0.193,Chase Center,"614,176",30,1,30,30,30.0,2.0,30.0,30.0,26.0,15.0,14.0,24.0,30.0,20.0,23.0,8.0,28.0,5.0,23.0,11.0,None,10,241.9,38.6,88.2,0.43799999999999994,10.4,31.3,0.33399999999999996,28.2,56.9,0.495,18.7,23.2,0.8029999999999999,10.0,32.9,42.8,25.6,8.2,4.6,14.9,20.1,106.3,27,29,21,29.0,28,25,29.0,19,8,29.0,9,16,4.0,18,26,24,9,7,20,19,10,28,241.9,42.2,88.6,0.47600000000000003,13.5,34.8,0.389,28.7,53.8,0.5329999999999999,17.1,21.9,0.7829999999999999,10.2,36.3,46.5,26.1,8.2,4.9,15.6,20.1,115.0,27,23,16,24.0,28,17,30.0,15,11,21.0,11,10,23.0,17,27,26,28,27,17,6,21,24
100,HOU,2020,44,28,42,30,2.96,0.17,3.13,112.9,110.1,103.7,0.28800000000000003,0.501,0.537,12.6,21.0,0.228,0.529,13.7,75.6,0.19699999999999998,Toyota Center,"578,458",8,21,8,7,7.0,13.0,7.0,6.0,14.0,3.0,4.0,1.0,7.0,11.0,25.0,4.0,14.0,7.0,25.0,13.0,None,15,241.4,40.8,90.4,0.451,15.6,45.3,0.345,25.1,45.2,0.557,20.6,26.1,0.7909999999999999,9.8,34.5,44.3,21.6,8.7,5.2,14.7,21.8,117.8,16,16,8,22.0,1,1,24.0,30,30,2.0,2,2,8.0,20,16,18,29,3,10,15,23,2,241.4,42.3,91.5,0.462,12.2,35.0,0.349,30.1,56.5,0.532,18.0,23.7,0.7609999999999999,11.2,36.7,47.9,25.3,8.0,4.9,16.2,21.0,114.8,16,24,25,14.0,14,22,8.0,24,22,20.0,16,17,8.0,28,29,30,23,22,15,3,12,23
101,IND,2020,45,28,41,32,1.96,-0.33,1.63,110.0,108.0,98.9,0.21600000000000003,0.317,0.534,12.0,20.0,0.17,0.511,13.0,76.7,0.192,Bankers Life Fieldhouse,"529,002",7,21,12,13,13.0,23.0,13.0,19.0,6.0,21.0,30.0,30.0,12.0,5.0,29.0,30.0,5.0,13.0,21.0,10.0,None,23,241.4,42.1,88.5,0.47600000000000003,10.2,28.0,0.363,31.9,60.4,0.529,15.0,19.1,0.787,8.7,34.1,42.8,25.9,7.4,5.2,13.2,19.8,109.4,5,7,18,2.0,29,30,14.0,1,3,11.0,30,30,12.0,28,20,25,7,20,11,5,9,23,241.4,39.5,88.5,0.446,11.5,33.6,0.341,28.0,54.8,0.511,17.0,21.6,0.7879999999999999,10.4,34.9,45.2,23.1,6.9,4.6,14.7,18.8,107.5,5,6,15,6.0,6,13,4.0,11,14,9.0,9,9,27.0,20,16,16,6,3,11,13,30,3
102,LAC,2020,49,23,50,22,6.44,0.21,6.66,113.9,107.6,101.5,0.295,0.375,0.535,12.6,23.5,0.233,0.506,12.2,77.6,0.20600000000000002,STAPLES Center,"610,176",4,27,3,3,2.0,12.0,2.0,2.0,5.0,8.0,2.0,16.0,9.0,12.0,9.0,2.0,3.0,23.0,15.0,17.0,None,12,241.4,41.6,89.2,0.466,12.4,33.5,0.371,29.1,55.8,0.522,20.8,26.3,0.7909999999999999,10.7,37.0,47.7,23.7,7.1,4.7,14.6,22.1,116.3,16,10,14,12.0,13,16,6.0,13,14,17.0,1,1,9.0,8,3,3,22,24,18,13,26,4,241.4,39.5,90.2,0.43799999999999994,12.3,35.6,0.345,27.2,54.6,0.499,18.5,24.5,0.7559999999999999,10.7,34.6,45.3,23.7,7.5,4.7,14.1,22.9,109.9,16,8,21,3.0,18,27,5.0,6,12,2.0,19,22,3.0,25,13,18,9,14,13,20,1,13
103,LAL,2020,52,19,48,23,5.79,0.49,6.28,112.0,106.3,100.9,0.276,0.358,0.542,13.3,24.5,0.201,0.515,14.1,78.8,0.205,STAPLES Center,"588,907",3,28,6,5,5.0,4.0,3.0,11.0,3.0,11.0,6.0,23.0,5.0,23.0,4.0,16.0,7.0,3.0,7.0,16.0,None,14,240.7,42.3,88.3,0.48,11.0,31.6,0.349,31.3,56.7,0.552,17.7,24.3,0.7290000000000001,10.7,35.1,45.7,25.4,8.6,6.6,15.2,20.7,113.4,22,4,20,1.0,23,23,21.0,4,9,3.0,17,8,28.0,7,13,9,10,5,1,22,14,11,240.7,39.1,87.1,0.44799999999999995,11.6,33.4,0.349,27.4,53.7,0.51,17.9,22.9,0.7809999999999999,9.4,32.9,42.3,23.4,8.2,3.7,15.9,21.7,107.6,22,5,9,8.0,9,11,7.0,7,10,8.0,15,14,20.0,7,2,2,7,26,1,5,5,4
104,MEM,2020,34,39,34,39,-1.07,0.16,-0.91,109.2,110.3,102.8,0.24,0.34600000000000003,0.528,13.2,23.0,0.183,0.521,12.7,77.8,0.217,FedEx Forum,"523,297",16,13,18,20,17.0,14.0,18.0,20.0,15.0,6.0,25.0,26.0,20.0,21.0,12.0,24.0,10.0,16.0,13.0,23.0,None,26,240.7,42.5,90.9,0.46799999999999997,10.9,31.5,0.34700000000000003,31.6,59.4,0.532,16.6,21.8,0.763,10.3,36.2,46.5,26.9,7.9,5.5,15.2,21.2,112.6,9,3,6,7.0,25,24,23.0,2,4,7.0,23,24,19.0,14,5,5,2,12,7,23,18,14,240.7,40.6,90.3,0.45,12.9,35.3,0.365,27.7,55.0,0.504,19.6,25.0,0.782,10.4,34.5,44.9,24.8,8.0,5.3,14.8,20.2,113.7,9,14,22,9.0,23,25,24.0,8,15,6.0,26,25,21.0,19,12,14,18,21,22,12,20,21
105,MIA,2020,44,29,43,30,2.95,-0.35,2.59,112.5,109.5,98.3,0.299,0.419,0.547,13.5,20.3,0.23399999999999999,0.523,12.6,79.5,0.213,AmericanAirlines Arena,"629,771",8,20,7,8,8.0,24.0,8.0,7.0,11.0,27.0,1.0,7.0,3.0,24.0,27.0,1.0,11.0,19.0,3.0,20.0,None,7,243.1,39.5,84.4,0.46799999999999997,13.4,35.4,0.379,26.0,49.0,0.532,19.7,25.2,0.7829999999999999,8.5,35.9,44.4,25.9,7.5,4.5,14.9,20.6,112.0,3,26,30,10.0,6,9,2.0,28,29,8.0,5,4,13.0,29,6,17,5,18,21,18,13,15,243.1,38.8,86.7,0.44799999999999995,13.1,37.7,0.34700000000000003,25.7,48.9,0.525,18.4,23.6,0.7829999999999999,9.2,33.3,42.5,24.6,7.5,4.1,14.0,21.7,109.1,3,3,6,7.0,24,28,6.0,3,1,15.0,18,16,22.0,5,6,3,15,13,4,21,7,10
106,MIL,2020,56,17,57,16,10.08,-0.67,9.41,112.4,102.9,105.1,0.271,0.428,0.552,12.9,20.7,0.201,0.489,12.0,81.6,0.17800000000000002,Fiserv Forum,"549,036",1,30,1,1,1.0,28.0,1.0,8.0,1.0,1.0,7.0,4.0,1.0,14.0,26.0,15.0,1.0,24.0,1.0,6.0,None,19,241.0,43.3,90.9,0.47600000000000003,13.8,38.9,0.355,29.5,52.0,0.5670000000000001,18.3,24.7,0.742,9.5,42.2,51.7,25.9,7.2,5.9,15.1,19.6,118.7,6,1,4,3.0,4,4,18.0,9,23,1.0,14,6,27.0,25,1,1,6,23,3,20,7,1,241.0,38.9,94.0,0.414,14.0,39.3,0.355,25.0,54.7,0.457,16.7,21.2,0.787,9.5,36.3,45.8,24.2,7.4,4.5,14.1,21.7,108.6,6,4,30,1.0,30,30,15.0,2,13,1.0,8,7,25.0,8,28,21,11,12,9,19,6,8
107,MIN,2020,19,45,24,40,-4.3,0.28,-4.02,108.1,112.2,103.4,0.27699999999999997,0.433,0.514,13.0,22.1,0.209,0.541,13.2,77.2,0.218,Target Center,"482,112",28,6,25,22,24.0,9.0,23.0,24.0,21.0,4.0,5.0,3.0,26.0,16.0,19.0,10.0,21.0,10.0,18.0,24.0,None,29,243.1,40.4,91.6,0.441,13.3,39.7,0.336,27.1,52.0,0.521,19.1,25.4,0.753,10.5,34.3,44.8,23.8,8.7,5.7,15.3,21.4,113.3,30,18,1,28.0,8,3,28.0,24,24,19.0,7,3,23.0,10,18,14,20,4,4,26,19,12,243.1,43.1,90.4,0.47700000000000004,11.6,31.9,0.363,31.6,58.5,0.539,19.7,25.2,0.7829999999999999,10.1,37.2,47.3,24.4,7.8,5.5,15.5,21.6,117.5,30,28,23,25.0,7,5,20.0,30,30,23.0,27,26,24.0,14,30,29,13,18,26,8,8,28
108,NOP,2020,30,42,33,39,-1.29,0.74,-0.55,110.7,111.9,103.7,0.256,0.40299999999999997,0.539,13.9,24.2,0.18600000000000003,0.532,12.4,77.8,0.212,Smoothie King Center,"528,172",21,9,19,17,20.0,1.0,15.0,17.0,19.0,2.0,21.0,9.0,6.0,29.0,5.0,23.0,16.0,21.0,11.0,19.0,None,24,242.1,42.6,91.6,0.465,13.6,36.9,0.37,28.9,54.8,0.528,17.1,23.4,0.7290000000000001,11.1,35.4,46.5,26.8,7.5,5.0,16.4,21.2,115.8,13,2,2,13.0,5,7,7.0,15,17,12.0,20,14,29.0,2,10,6,3,19,13,29,17,5,242.1,42.7,91.8,0.465,12.2,33.9,0.361,30.5,58.0,0.526,19.4,24.7,0.789,10.1,34.7,44.8,24.5,8.5,4.8,14.5,21.1,117.1,13,26,28,19.0,14,14,18.0,25,26,16.0,25,23,28.0,13,15,13,14,28,14,15,11,27
109,NYK,2020,21,45,20,46,-6.45,-0.26,-6.72,106.5,113.0,98.6,0.263,0.318,0.501,12.6,25.8,0.182,0.541,12.4,78.3,0.22399999999999998,Madison Square Garden (IV),"620,789",25,6,26,26,26.0,20.0,26.0,28.0,23.0,26.0,15.0,29.0,29.0,10.0,1.0,26.0,20.0,22.0,10.0,26.0,None,9,241.9,40.0,89.3,0.447,9.6,28.4,0.337,30.4,61.0,0.499,16.3,23.5,0.6940000000000001,12.0,34.5,46.5,22.1,7.6,4.7,14.3,22.2,105.8,24,24,13,25.0,30,29,27.0,6,2,28.0,24,12,30.0,1,17,6,27,17,17,11,28,29,241.9,39.9,86.0,0.46299999999999997,13.3,34.9,0.381,26.6,51.1,0.52,19.2,25.7,0.7490000000000001,9.6,34.6,44.2,24.3,7.2,5.0,13.7,19.8,112.3,24,10,4,17.0,27,21,28.0,5,5,11.0,23,27,1.0,10,14,10,12,9,19,24,25,18
110,OKC,2020,44,28,41,31,1.99,0.34,2.33,110.8,108.8,98.8,0.29,0.353,0.53,12.4,19.3,0.231,0.518,12.6,76.8,0.17300000000000001,Chesapeake Energy Arena,"600,699",8,21,13,11,12.0,8.0,11.0,16.0,7.0,22.0,3.0,25.0,18.0,9.0,30.0,3.0,8.0,18.0,20.0,3.0,None,13,242.1,40.0,85.5,0.46799999999999997,10.7,30.2,0.355,29.3,55.3,0.529,19.8,24.8,0.7959999999999999,8.2,34.7,42.9,21.7,7.6,4.9,13.7,19.3,110.4,13,23,28,8.0,27,27,17.0,12,15,10.0,4,5,7.0,30,15,23,28,16,15,6,4,21,242.1,40.8,89.6,0.455,11.3,33.3,0.34,29.5,56.4,0.523,15.5,19.6,0.795,10.5,34.3,44.8,23.0,7.0,4.0,14.2,22.8,108.4,13,16,19,10.0,5,10,2.0,20,20,14.0,4,3,30.0,23,10,12,5,7,3,18,2,7
111,ORL,2020,33,40,34,39,-1.01,0.09,-0.93,108.5,109.5,98.6,0.256,0.364,0.506,11.5,22.3,0.198,0.535,13.2,79.1,0.17600000000000002,Amway Center,"529,870",18,12,17,19,16.0,16.0,19.0,23.0,10.0,25.0,20.0,18.0,27.0,4.0,16.0,18.0,18.0,11.0,5.0,5.0,None,22,240.7,39.3,88.6,0.444,11.1,32.2,0.34299999999999997,28.3,56.4,0.502,17.6,22.7,0.774,10.3,34.2,44.5,23.9,8.2,5.4,12.8,18.3,107.3,9,27,17,27.0,22,19,25.0,18,10,27.0,19,20,17.0,15,19,16,18,8,8,4,2,24,240.7,40.4,86.9,0.465,12.2,33.6,0.364,28.2,53.3,0.529,15.3,19.8,0.7709999999999999,9.0,35.8,44.9,24.7,7.0,4.6,14.6,19.5,108.3,9,13,7,18.0,16,12,23.0,12,9,17.0,3,4,14.0,2,24,15,17,5,12,14,28,5
112,PHI,2020,43,30,42,31,2.38,-0.13,2.25,111.3,109.0,99.0,0.255,0.36,0.534,12.7,23.9,0.193,0.523,12.5,80.3,0.214,Wells Fargo Center,"639,491",12,19,9,10,10.0,19.0,12.0,13.0,8.0,19.0,22.0,21.0,13.0,13.0,6.0,21.0,12.0,20.0,2.0,21.0,None,3,241.0,41.1,87.9,0.46799999999999997,11.6,31.6,0.368,29.5,56.3,0.524,16.9,22.4,0.755,10.5,35.0,45.4,25.8,8.0,5.3,14.2,20.9,110.7,6,14,25,10.0,19,22,9.0,10,11,16.0,21,21,22.0,12,14,10,8,9,9,10,15,20,241.0,39.8,86.0,0.46299999999999997,10.4,29.4,0.353,29.4,56.5,0.52,18.4,24.5,0.7509999999999999,8.6,33.2,41.8,22.8,7.0,4.0,13.8,20.5,108.4,6,9,3,16.0,1,1,13.0,19,23,12.0,17,20,2.0,1,5,1,4,4,2,23,18,6
113,PHO,2020,34,39,37,36,0.22,0.35,0.56,111.7,111.4,101.3,0.271,0.361,0.532,13.0,22.2,0.226,0.539,13.7,78.8,0.221,Talking Stick Resort Arena,"550,633",16,13,14,14,14.0,7.0,14.0,12.0,17.0,10.0,8.0,20.0,15.0,17.0,17.0,5.0,19.0,6.0,8.0,25.0,None,17,241.0,41.2,88.1,0.46799999999999997,11.4,31.8,0.358,29.8,56.3,0.529,19.9,23.8,0.8340000000000001,9.8,33.8,43.5,27.2,7.7,4.0,14.8,22.0,113.6,6,13,22,9.0,20,21,16.0,7,12,9.0,3,10,1.0,22,21,21,1,15,29,16,25,10,241.0,41.2,87.4,0.47200000000000003,11.6,32.0,0.363,29.6,55.4,0.535,19.3,24.5,0.7879999999999999,9.1,34.2,43.3,23.6,7.9,5.5,15.6,22.6,113.4,6,17,11,22.0,8,6,21.0,21,18,22.0,24,21,26.0,4,9,7,8,20,24,7,3,20
114,POR,2020,35,39,34,40,-1.15,0.54,-0.61,113.7,114.8,100.7,0.242,0.374,0.5329999999999999,11.2,22.4,0.19399999999999998,0.53,11.2,75.3,0.20800000000000002,Moda Center,"628,303",14,13,16,21,19.0,3.0,16.0,3.0,28.0,13.0,24.0,17.0,14.0,3.0,15.0,19.0,15.0,27.0,27.0,18.0,None,8,241.0,42.2,91.2,0.46299999999999997,12.9,34.1,0.377,29.3,57.1,0.514,17.7,22.1,0.804,10.2,35.1,45.3,20.6,6.3,6.1,12.8,21.7,115.0,2,5,3,14.0,10,15,3.0,11,7,24.0,18,23,3.0,16,12,12,30,28,2,3,22,6,241.0,41.8,91.6,0.456,13.6,35.4,0.38299999999999995,28.2,56.2,0.501,19.1,24.7,0.7709999999999999,11.5,35.4,46.9,24.9,6.8,4.9,12.9,20.1,116.1,2,20,27,11.0,29,26,29.0,13,19,4.0,21,24,15.0,30,21,27,19,1,16,27,22,26
115,SAC,2020,31,41,31,41,-2.04,0.46,-1.59,110.2,112.2,98.9,0.23,0.395,0.534,13.0,21.9,0.177,0.5429999999999999,13.6,78.4,0.225,Golden 1 Center,"520,663",20,11,21,24,21.0,6.0,21.0,18.0,20.0,20.0,28.0,13.0,11.0,15.0,20.0,27.0,25.0,8.0,9.0,27.0,None,27,242.4,40.9,88.4,0.462,12.7,34.9,0.364,28.2,53.5,0.527,15.7,20.3,0.77,9.7,32.9,42.6,23.8,7.7,4.1,14.5,22.2,110.1,12,15,19,15.0,11,12,12.0,20,20,13.0,27,28,18.0,23,25,27,21,14,27,12,27,22,242.4,40.3,85.5,0.47100000000000003,12.4,34.8,0.35700000000000004,27.8,50.7,0.5489999999999999,19.2,24.3,0.79,9.1,34.5,43.5,24.9,7.7,4.2,15.2,19.5,112.1,12,12,2,21.0,21,19,16.0,9,3,26.0,22,18,29.0,3,11,9,20,17,6,10,27,17
116,SAS,2020,32,39,33,38,-1.11,0.46,-0.65,112.4,113.5,100.5,0.262,0.318,0.531,11.2,20.1,0.212,0.542,11.7,79.2,0.193,AT&T Center,"550,515",19,13,20,16,18.0,5.0,17.0,9.0,25.0,14.0,16.0,28.0,16.0,2.0,28.0,7.0,23.0,26.0,4.0,12.0,None,18,242.5,42.2,89.4,0.47200000000000003,10.7,28.5,0.376,31.5,61.0,0.516,19.0,23.4,0.81,9.0,35.6,44.6,24.7,7.3,5.5,12.6,19.4,114.1,21,6,12,5.0,26,28,4.0,3,1,22.0,8,13,2.0,27,9,15,13,22,6,1,5,8,242.5,42.3,90.2,0.469,13.1,35.1,0.373,29.2,55.1,0.53,17.4,22.5,0.777,9.4,35.9,45.3,25.7,6.8,4.3,13.2,20.1,115.2,21,25,20,20.0,26,24,25.0,16,16,19.0,13,11,17.0,6,26,17,27,2,7,25,23,25
117,TOR,2020,53,19,50,22,6.24,-0.26,5.97,111.1,105.0,100.9,0.264,0.42100000000000004,0.536,13.1,21.3,0.21,0.502,14.6,76.7,0.20199999999999999,Scotiabank Arena,"633,456",2,28,4,4,4.0,21.0,4.0,14.0,2.0,12.0,13.0,6.0,8.0,18.0,24.0,9.0,2.0,2.0,22.0,15.0,None,5,241.4,40.2,87.9,0.45799999999999996,13.8,37.0,0.374,26.4,50.9,0.519,18.5,23.2,0.7959999999999999,9.5,35.9,45.4,25.2,8.8,5.0,14.8,21.7,112.8,16,21,23,20.0,3,6,5.0,27,26,21.0,13,17,6.0,24,7,11,11,2,13,17,21,13,241.4,37.8,88.3,0.428,13.1,38.9,0.337,24.7,49.5,0.499,17.8,23.2,0.769,10.9,35.1,46.1,25.6,7.2,5.5,16.8,20.4,106.5,16,1,13,2.0,25,29,1.0,1,2,3.0,14,15,12.0,26,19,24,26,11,23,2,19,1
118,UTA,2020,44,28,42,30,2.47,0.05,2.52,112.3,109.9,98.6,0.268,0.414,0.5489999999999999,13.7,21.6,0.20800000000000002,0.518,11.1,78.9,0.185,Vivint Smart Home Arena,"567,486",8,21,10,9,9.0,17.0,9.0,10.0,13.0,24.0,10.0,8.0,2.0,26.0,22.0,10.0,9.0,28.0,6.0,7.0,None,16,241.0,40.1,85.1,0.47100000000000003,13.4,35.2,0.38,26.7,49.9,0.535,17.8,22.8,0.779,9.1,35.8,44.9,22.4,6.1,4.1,15.1,20.4,111.3,19,22,29,6.0,7,10,1.0,25,27,5.0,16,19,15.0,26,8,13,26,30,28,21,12,18,241.0,40.7,89.1,0.457,11.0,31.0,0.353,29.7,58.1,0.512,16.5,21.5,0.767,9.6,33.1,42.7,21.5,7.9,4.6,12.3,20.8,108.8,19,15,17,12.0,3,3,14.0,23,28,10.0,7,8,10.0,9,4,5,1,19,10,29,14,9
119,WAS,2020,25,47,26,46,-4.67,-0.57,-5.24,110.9,115.5,102.7,0.27,0.358,0.523,12.2,22.2,0.213,0.5579999999999999,13.9,75.3,0.231,Capital One Arena,"532,702",22,2,22,25,25.0,27.0,25.0,15.0,30.0,7.0,9.0,22.0,21.0,7.0,18.0,6.0,29.0,4.0,28.0,28.0,None,21,241.0,41.5,90.9,0.457,12.0,32.6,0.368,29.5,58.3,0.506,19.4,24.6,0.7879999999999999,10.2,31.9,42.0,25.0,8.0,4.3,14.2,22.7,114.4,19,11,5,21.0,17,18,8.0,8,5,26.0,6,7,11.0,17,28,28,12,11,24,9,29,7,241.0,43.1,88.4,0.488,12.4,33.1,0.376,30.7,55.2,0.555,20.4,26.3,0.778,10.5,35.7,46.2,25.2,7.5,5.0,16.2,22.2,119.1,19,27,14,29.0,22,9,27.0,26,17,27.0,29,29,19.0,22,23,25,22,15,18,3,4,29
120,ATL,2021,5,5,6,4,4.4,0.27,4.67,113.7,109.3,100.2,0.293,0.434,0.515,12.4,26.4,0.237,0.502,11.0,78.5,0.22,State Farm Arena,0,15,13,9,4,5.0,13.0,5.0,6.0,14.0,18.0,4.0,10.0,22.0,9.0,1.0,1.0,1.0,28.0,17.0,24.0,None,7,240.0,39.3,89.9,0.43700000000000006,14.0,39.0,0.359,25.3,50.9,0.49700000000000005,21.3,26.3,0.81,12.4,37.3,49.7,24.4,6.4,3.5,14.4,21.1,113.9,23,22,11,27.0,7,5,17.0,26,21,25.0,1,4,5.0,1,6,2,17,27,28,11,21,9,240.0,39.5,89.4,0.442,10.8,35.2,0.307,28.7,54.2,0.53,19.7,23.9,0.8240000000000001,10.2,34.5,44.7,22.7,7.7,5.6,12.4,20.6,109.5,23,8,18,4.0,2,16,1.0,21,15,17.0,25,23,30.0,22,11,13,7,16,22,28,13,11
121,BOS,2021,7,3,6,4,1.8,0.87,2.67,112.9,111.1,100.1,0.23399999999999999,0.35,0.5479999999999999,13.8,26.4,0.17600000000000002,0.5379999999999999,13.5,79.4,0.212,TD Garden,0,3,29,14,11,12.0,8.0,8.0,10.0,22.0,20.0,21.0,24.0,11.0,21.0,2.0,23.0,20.0,14.0,11.0,22.0,None,7,240.0,42.6,88.8,0.48,12.2,31.1,0.392,30.4,57.7,0.527,15.6,20.8,0.75,11.6,33.6,45.2,23.2,9.1,6.6,15.7,21.4,113.0,23,7,14,6.0,19,26,4.0,4,6,15.0,23,20,19.0,4,24,13,23,6,4,22,23,12,240.0,40.4,86.4,0.46799999999999997,12.1,32.8,0.369,28.3,53.6,0.528,18.3,23.0,0.7959999999999999,8.7,32.4,41.1,23.1,7.8,5.5,15.0,19.7,111.2,23,16,9,21.0,9,9,17.0,17,14,16.0,23,19,26.0,4,4,4,8,17,20,14,19,17
122,BRK,2021,6,6,8,4,5.58,0.89,6.47,113.9,108.6,103.4,0.273,0.41200000000000003,0.568,14.4,20.1,0.21899999999999997,0.51,11.9,76.5,0.177,Barclays Center,0,9,7,3,6,3.0,7.0,3.0,4.0,12.0,4.0,9.0,13.0,3.0,25.0,20.0,6.0,5.0,24.0,25.0,10.0,None,7,242.1,42.8,87.7,0.488,14.2,36.1,0.39299999999999996,28.6,51.6,0.5539999999999999,19.2,23.9,0.8009999999999999,8.7,37.8,46.4,25.9,7.3,5.8,16.6,19.4,118.8,2,6,18,4.0,6,13,3.0,15,17,6.0,7,8,7.0,21,5,8,8,21,7,26,9,3,242.1,42.0,94.7,0.444,12.5,34.1,0.36700000000000005,29.5,60.6,0.48700000000000004,16.8,22.1,0.758,11.6,34.5,46.1,25.3,8.5,4.2,14.2,21.3,113.3,2,22,30,6.0,15,12,13.0,23,30,4.0,14,12,12.0,30,11,20,21,23,6,22,10,22
123,CHO,2021,6,5,6,5,0.91,1.1,2.01,108.6,107.7,99.8,0.271,0.41100000000000003,0.524,13.4,22.0,0.20199999999999999,0.525,14.7,74.7,0.18600000000000003,Spectrum Center,0,9,13,11,17,14.0,6.0,11.0,20.0,8.0,21.0,10.0,14.0,20.0,18.0,17.0,12.0,12.0,3.0,30.0,14.0,None,7,240.0,38.9,86.7,0.449,13.1,35.6,0.36700000000000005,25.8,51.1,0.505,17.5,23.5,0.745,10.3,33.5,43.8,28.9,9.4,5.5,15.0,19.5,108.5,10,25,22,19.0,14,14,12.0,22,20,22.0,13,10,21.0,13,25,19,1,4,11,16,11,24,240.0,39.4,87.0,0.452,12.6,38.3,0.33,26.7,48.7,0.5489999999999999,16.2,22.5,0.718,11.4,36.5,47.8,28.0,8.3,4.9,16.6,19.9,107.5,10,7,11,12.0,16,28,4.0,9,5,24.0,13,16,3.0,29,22,27,30,19,12,3,16,8
124,CHI,2021,4,7,4,7,-5.0,1.53,-3.47,111.2,116.0,104.4,0.264,0.40299999999999997,0.5529999999999999,15.4,20.2,0.215,0.563,12.7,78.7,0.23600000000000002,United Center,None,22,4,25,26,25.0,4.0,23.0,13.0,29.0,3.0,11.0,16.0,7.0,29.0,19.0,7.0,28.0,19.0,15.0,27.0,None,None,240.0,41.9,87.9,0.47700000000000004,13.4,35.5,0.377,28.5,52.5,0.544,18.9,23.2,0.816,8.4,35.0,43.4,24.9,7.5,3.6,17.8,21.5,116.1,10,9,17,9.0,11,15,11.0,16,16,11.0,8,11,3.0,23,16,23,13,17,27,30,24,6,240.0,42.6,88.8,0.48,14.8,37.8,0.392,27.8,51.0,0.545,21.0,27.1,0.775,9.5,33.0,42.5,26.1,9.6,4.5,14.6,22.3,121.1,10,26,17,25.0,28,27,27.0,13,11,23.0,28,28,18.0,14,8,6,23,29,9,19,3,28
125,CLE,2021,5,7,4,8,-5.08,0.52,-4.57,100.2,105.3,97.1,0.217,0.319,0.49700000000000005,14.7,23.9,0.141,0.535,17.0,75.1,0.157,Quicken Loans Arena,"4,788",15,4,23,30,26.0,12.0,25.0,30.0,2.0,27.0,27.0,30.0,28.0,28.0,9.0,30.0,18.0,1.0,29.0,4.0,None,5,244.2,38.5,87.2,0.442,9.6,27.8,0.344,28.9,59.3,0.48700000000000004,12.3,18.9,0.652,11.1,32.4,43.5,23.7,10.2,4.8,16.4,18.9,98.9,1,27,21,25.0,29,29,23.0,12,4,28.0,30,28,30.0,8,28,21,18,1,19,25,8,30,244.2,38.5,84.7,0.455,13.7,34.4,0.397,24.8,50.3,0.494,13.3,18.6,0.7170000000000001,10.8,35.3,46.1,25.2,9.4,5.1,19.0,18.3,104.0,1,3,4,13.0,24,15,29.0,2,9,5.0,1,5,2.0,24,16,20,20,27,14,1,28,1
126,DAL,2021,5,4,6,3,4.33,0.61,4.94,110.7,106.3,98.3,0.305,0.462,0.537,12.6,18.2,0.23399999999999999,0.513,14.2,79.4,0.233,American Airlines Center,0,15,21,12,3,6.0,9.0,4.0,15.0,3.0,25.0,3.0,2.0,15.0,10.0,24.0,2.0,6.0,6.0,10.0,26.0,None,7,242.8,38.3,84.1,0.456,13.7,38.9,0.35100000000000003,24.7,45.2,0.545,19.7,25.7,0.7659999999999999,7.9,35.2,43.1,22.6,8.3,4.0,13.8,21.8,110.0,27,28,29,17.0,9,7,20.0,28,30,10.0,4,5,14.0,27,15,24,25,12,24,8,25,21,242.8,37.4,84.0,0.446,11.2,35.7,0.315,26.2,48.3,0.5429999999999999,19.6,25.1,0.779,9.1,35.4,44.6,21.3,7.7,3.3,15.8,22.9,105.7,27,1,2,9.0,4,17,2.0,7,3,21.0,24,25,21.0,9,18,12,1,15,2,10,1,3
127,DEN,2021,5,6,6,5,2.82,-2.0,0.82,116.9,114.1,97.8,0.263,0.386,0.569,13.2,24.6,0.193,0.5579999999999999,14.0,75.4,0.198,Ball Arena,0,15,7,8,12,9.0,29.0,13.0,2.0,25.0,26.0,12.0,17.0,2.0,14.0,5.0,15.0,26.0,8.0,28.0,19.0,None,7,244.5,43.3,87.5,0.494,13.0,33.8,0.384,30.3,53.7,0.563,16.9,23.0,0.735,10.0,31.7,41.7,27.2,8.4,4.4,14.8,20.5,116.5,5,4,19,1.0,15,19,8.0,6,15,3.0,15,13,24.0,14,29,29,3,11,22,14,17,5,244.5,41.7,86.5,0.483,13.1,33.5,0.39,28.6,52.9,0.541,17.1,22.3,0.767,10.4,30.6,41.0,26.8,7.4,4.4,15.7,22.3,113.6,5,20,10,26.0,18,10,25.0,20,12,20.0,15,13,15.0,23,1,2,27,11,7,11,3,23
128,DET,2021,2,8,3,7,-6.6,1.72,-4.88,106.3,112.7,99.3,0.248,0.413,0.48700000000000004,11.5,22.3,0.201,0.5760000000000001,15.2,78.2,0.185,Little Caesars Arena,0,29,1,29,24,28.0,3.0,28.0,24.0,24.0,22.0,16.0,12.0,30.0,3.0,14.0,13.0,30.0,2.0,19.0,13.0,None,7,247.5,38.7,92.7,0.41700000000000004,12.8,38.3,0.33399999999999996,25.9,54.4,0.47600000000000003,18.6,23.0,0.809,11.1,32.6,43.7,23.6,8.4,4.5,13.4,19.7,108.8,19,26,2,30.0,18,10,26.0,21,13,29.0,10,13,6.0,7,27,20,19,9,21,4,12,22,247.5,42.6,86.3,0.494,14.2,37.4,0.38,28.4,48.9,0.581,16.0,22.5,0.711,9.1,38.7,47.8,26.8,7.2,6.0,17.2,21.4,115.4,19,25,8,29.0,26,23,23.0,19,6,30.0,12,15,1.0,8,28,26,26,10,24,2,9,24
129,GSW,2021,6,5,4,7,-3.45,0.22,-3.23,107.0,110.3,104.7,0.275,0.429,0.512,12.7,18.2,0.21899999999999997,0.524,13.8,76.2,0.237,Chase Center,0,9,13,19,23,22.0,14.0,22.0,23.0,19.0,2.0,7.0,11.0,23.0,12.0,25.0,5.0,10.0,10.0,26.0,28.0,None,7,240.0,39.4,90.1,0.43700000000000006,13.5,38.6,0.35100000000000003,25.8,51.5,0.502,19.7,24.8,0.795,8.5,35.7,44.2,24.9,7.4,6.3,14.6,23.3,112.0,10,21,9,28.0,10,9,21.0,22,18,24.0,3,6,9.0,22,12,16,13,19,5,13,28,13,240.0,40.0,89.8,0.445,14.2,36.3,0.391,25.8,53.5,0.48200000000000004,21.3,27.7,0.767,11.2,38.1,49.3,22.2,7.4,5.5,16.4,21.9,115.5,10,11,19,8.0,25,19,26.0,5,13,2.0,29,29,14.0,28,26,29,3,11,19,5,6,26
130,HOU,2021,3,6,4,5,-1.89,0.53,-1.36,108.7,110.5,101.3,0.27699999999999997,0.45,0.54,13.5,18.3,0.21100000000000002,0.532,13.7,76.0,0.19399999999999998,Toyota Center,"18,969",26,7,24,14,20.0,11.0,19.0,19.0,20.0,12.0,6.0,6.0,14.0,19.0,23.0,10.0,15.0,12.0,27.0,18.0,None,1,242.8,40.0,86.2,0.46399999999999997,13.1,38.8,0.33799999999999997,26.9,47.4,0.5670000000000001,18.2,23.9,0.763,8.1,34.2,42.3,23.1,8.0,6.8,15.1,20.3,111.3,27,19,23,14.0,13,8,24.0,18,26,2.0,11,9,15.0,26,20,28,24,14,2,17,14,15,242.8,41.8,90.0,0.46399999999999997,12.2,32.1,0.381,29.6,57.9,0.511,17.4,23.7,0.737,10.8,36.3,47.1,23.1,8.4,6.1,15.9,20.7,113.2,27,21,21,19.0,12,5,24.0,24,26,11.0,17,22,9.0,25,21,24,9,22,26,7,12,21
131,IND,2021,7,4,7,4,4.55,-1.84,2.7,112.7,108.2,100.8,0.23,0.37200000000000005,0.552,12.0,18.9,0.172,0.535,14.1,79.2,0.207,Bankers Life Fieldhouse,0,3,21,4,5,4.0,27.0,7.0,11.0,11.0,16.0,23.0,20.0,8.0,7.0,22.0,25.0,17.0,7.0,12.0,20.0,None,7,242.3,43.5,89.9,0.484,12.1,33.5,0.361,31.5,56.5,0.557,15.5,20.6,0.7490000000000001,8.2,34.3,42.5,26.4,9.5,5.6,13.5,22.1,114.6,6,3,10,5.0,22,20,16.0,1,10,5.0,25,23,20.0,25,19,26,5,3,9,5,27,8,242.3,40.2,86.2,0.466,11.9,30.0,0.397,28.3,56.2,0.503,17.8,23.5,0.76,9.0,35.0,44.0,24.3,7.2,6.3,15.8,19.2,110.1,6,15,7,20.0,7,1,28.0,16,23,8.0,20,21,13.0,7,14,9,14,9,28,8,25,12
132,LAC,2021,7,4,6,5,1.0,-0.09,0.91,115.3,114.3,97.0,0.235,0.406,0.5579999999999999,13.3,22.6,0.198,0.555,13.8,78.4,0.217,STAPLES Center,None,3,21,10,16,13.0,16.0,12.0,3.0,26.0,28.0,20.0,15.0,5.0,16.0,13.0,14.0,24.0,11.0,18.0,23.0,None,None,240.0,40.2,85.1,0.47200000000000003,14.6,34.5,0.424,25.5,50.5,0.505,16.8,20.0,0.841,9.5,31.6,41.1,24.6,7.5,5.0,14.5,21.9,111.8,10,17,27,11.0,5,16,1.0,24,22,21.0,17,25,1.0,18,30,30,15,17,15,12,26,14,240.0,39.5,83.5,0.473,13.6,36.5,0.374,25.9,47.1,0.55,18.1,22.5,0.8059999999999999,8.7,32.4,41.1,23.8,7.1,2.8,14.9,18.2,110.8,10,9,1,22.0,23,20,19.0,6,2,26.0,22,14,28.0,5,3,3,10,7,1,15,29,15
133,LAL,2021,9,3,9,3,9.0,-0.96,8.04,113.5,104.6,101.0,0.244,0.35700000000000004,0.563,14.1,23.6,0.185,0.504,11.9,80.9,0.151,STAPLES Center,0,1,29,1,2,2.0,25.0,2.0,8.0,1.0,13.0,17.0,23.0,4.0,23.0,10.0,19.0,2.0,25.0,2.0,1.0,None,7,240.0,43.2,87.5,0.493,12.2,31.3,0.389,31.0,56.3,0.551,16.2,21.3,0.758,10.0,38.8,48.8,25.3,6.8,6.7,15.9,18.8,114.7,4,5,20,3.0,20,25,6.0,2,11,7.0,19,18,17.0,14,1,3,12,24,3,24,7,7,240.0,40.1,91.3,0.439,11.8,34.3,0.342,28.3,56.9,0.498,13.8,17.8,0.7709999999999999,9.2,32.3,41.5,23.9,9.1,4.7,13.3,20.0,105.7,4,12,25,2.0,6,14,6.0,18,25,6.0,3,2,17.0,10,2,5,11,26,10,25,15,3
134,MEM,2021,4,6,4,6,-2.6,2.85,0.25,104.1,106.6,100.2,0.192,0.344,0.504,13.3,22.2,0.149,0.525,14.4,78.8,0.179,FedEx Forum,0,22,7,20,21,21.0,1.0,15.0,27.0,4.0,17.0,30.0,26.0,26.0,17.0,16.0,28.0,11.0,4.0,14.0,12.0,None,7,242.5,40.7,91.0,0.447,10.4,31.3,0.332,30.3,59.7,0.508,13.6,17.5,0.777,10.3,35.7,46.0,26.2,9.6,5.2,15.2,17.9,105.4,20,13,8,20.0,26,23,27.0,5,3,20.0,28,30,12.0,12,14,10,6,2,12,18,4,27,242.5,40.1,87.9,0.456,12.1,32.6,0.371,28.0,55.3,0.506,15.7,20.0,0.785,9.6,36.0,45.6,24.7,9.5,6.1,16.3,17.1,108.0,20,13,14,15.0,9,8,18.0,14,21,10.0,11,8,22.0,15,19,17,16,28,25,6,30,9
135,MIA,2021,4,5,4,5,-1.33,1.95,0.62,108.4,109.7,101.5,0.275,0.44299999999999995,0.557,15.7,17.0,0.212,0.525,12.9,77.5,0.191,AmericanAirlines Arena,None,22,13,21,13,18.0,2.0,14.0,21.0,16.0,9.0,8.0,7.0,6.0,30.0,29.0,9.0,13.0,17.0,23.0,15.0,None,None,242.8,40.1,84.0,0.478,13.3,37.2,0.358,26.8,46.8,0.5720000000000001,17.8,23.1,0.769,7.0,37.1,44.1,26.8,7.1,3.7,17.6,20.7,111.3,27,18,30,8.0,12,12,18.0,19,27,1.0,12,12,13.0,29,7,18,4,22,26,29,19,15,242.8,40.1,90.8,0.442,15.1,41.1,0.368,25.0,49.7,0.503,17.3,22.9,0.757,10.8,34.2,45.0,24.0,10.2,3.7,14.9,21.6,112.7,27,14,22,5.0,29,29,15.0,3,8,9.0,16,17,11.0,25,10,15,12,30,5,17,8,20
136,MIL,2021,7,4,9,2,11.64,-2.09,9.54,118.9,107.5,102.6,0.22699999999999998,0.435,0.583,13.2,24.4,0.172,0.521,13.0,79.1,0.16699999999999998,Fiserv Forum,0,3,21,2,1,1.0,30.0,1.0,1.0,7.0,6.0,25.0,9.0,1.0,15.0,6.0,26.0,9.0,16.0,13.0,9.0,None,7,240.0,45.0,91.1,0.494,16.3,39.6,0.41100000000000003,28.7,51.5,0.5579999999999999,15.6,20.6,0.758,10.6,36.7,47.4,26.2,9.4,4.8,15.3,19.5,121.9,10,1,7,2.0,1,4,2.0,14,18,4.0,22,23,18.0,9,9,6,7,4,17,20,10,1,240.0,40.7,91.2,0.447,13.5,36.8,0.368,27.2,54.4,0.5,15.3,19.5,0.785,9.7,32.9,42.6,22.5,6.7,5.2,14.9,18.6,110.3,10,18,24,10.0,21,21,16.0,11,17,7.0,8,7,22.0,18,6,7,4,5,15,15,26,13
137,MIN,2021,3,7,2,8,-10.0,0.54,-9.47,106.1,115.8,101.5,0.23399999999999999,0.373,0.508,12.9,24.4,0.174,0.557,12.5,77.6,0.192,Target Center,0,26,4,30,28,30.0,10.0,30.0,25.0,28.0,11.0,22.0,19.0,24.0,13.0,6.0,24.0,25.0,21.0,22.0,16.0,None,7,242.5,40.7,91.5,0.445,11.5,34.1,0.337,29.2,57.4,0.509,15.9,21.4,0.743,11.7,33.2,44.9,23.5,7.9,4.9,14.9,20.9,108.8,20,13,5,22.0,24,17,25.0,11,9,18.0,21,17,22.0,3,26,14,21,15,16,15,20,22,242.5,44.2,91.0,0.486,12.9,34.1,0.37799999999999995,31.3,56.9,0.55,17.5,23.2,0.754,9.6,36.2,45.8,26.7,6.8,5.3,14.4,19.5,118.8,20,29,23,27.0,17,13,21.0,28,24,25.0,18,20,10.0,15,20,19,24,6,17,20,21,27
138,NOP,2021,4,5,5,4,0.56,-0.77,-0.22,107.3,106.7,98.7,0.31,0.371,0.516,14.6,25.6,0.221,0.537,14.0,82.9,0.163,Smoothie King Center,"3,750",22,13,17,9,15.0,21.0,17.0,22.0,5.0,24.0,2.0,21.0,21.0,27.0,4.0,4.0,19.0,9.0,1.0,7.0,None,6,242.8,39.0,85.6,0.456,10.2,31.8,0.322,28.8,53.8,0.535,18.9,26.6,0.711,11.3,37.1,48.4,23.3,8.6,3.9,16.7,17.3,107.1,27,24,25,16.0,27,22,30.0,13,14,13.0,9,3,28.0,6,7,4,22,7,25,27,2,25,242.8,38.3,86.1,0.445,15.9,43.9,0.36200000000000004,22.4,42.2,0.532,14.0,17.6,0.797,7.7,32.9,40.6,27.0,8.3,5.0,15.2,22.4,106.6,27,2,6,7.0,30,30,9.0,1,1,18.0,4,1,27.0,1,5,1,28,21,13,12,2,5
139,NYK,2021,5,6,4,7,-5.36,1.44,-3.92,103.3,108.8,96.9,0.25,0.322,0.499,14.4,23.4,0.183,0.516,11.4,78.0,0.177,Madison Square Garden (IV),None,15,7,26,27,27.0,5.0,24.0,29.0,13.0,29.0,15.0,29.0,27.0,24.0,11.0,21.0,8.0,27.0,20.0,11.0,None,None,240.0,37.5,84.7,0.44299999999999995,9.5,27.3,0.34700000000000003,28.1,57.5,0.489,15.5,21.2,0.7340000000000001,10.6,35.7,46.4,22.2,6.8,4.8,15.8,20.5,100.1,10,30,28,24.0,30,30,22.0,17,7,27.0,24,19,25.0,9,12,9,28,23,17,23,17,29,240.0,39.0,87.2,0.447,12.0,37.5,0.32,27.0,49.6,0.544,15.5,21.0,0.736,10.1,34.7,44.8,22.5,7.1,6.4,12.5,19.7,105.5,10,4,12,11.0,8,24,3.0,10,7,22.0,10,11,8.0,21,13,14,4,7,29,27,18,2
140,OKC,2021,5,5,4,6,-4.6,-0.27,-4.87,103.6,108.2,100.9,0.244,0.457,0.525,13.9,15.3,0.177,0.515,10.4,79.5,0.158,Chesapeake Energy Arena,None,15,13,27,22,24.0,19.0,27.0,28.0,10.0,14.0,17.0,5.0,19.0,22.0,30.0,22.0,7.0,29.0,9.0,5.0,None,None,240.0,38.3,85.3,0.449,12.9,39.0,0.331,25.4,46.3,0.5489999999999999,15.1,20.8,0.726,7.0,38.4,45.4,21.8,6.4,5.2,15.2,18.6,104.6,23,29,26,18.0,17,5,28.0,25,29,9.0,27,20,26.0,29,3,12,29,27,12,18,6,28,240.0,42.1,92.0,0.45799999999999996,10.5,31.6,0.332,31.6,60.4,0.523,14.5,20.0,0.725,9.9,38.7,48.6,24.8,8.5,3.5,11.7,19.3,109.2,23,23,27,16.0,1,4,5.0,30,29,14.0,6,8,5.0,20,28,28,17,23,4,29,23,10
141,ORL,2021,6,5,4,7,-4.18,-0.55,-4.73,105.9,110.1,100.2,0.22699999999999998,0.324,0.489,11.9,24.3,0.184,0.5489999999999999,13.3,80.0,0.152,Amway Center,"18,904",9,13,22,25,23.0,20.0,26.0,26.0,17.0,19.0,24.0,28.0,29.0,6.0,8.0,20.0,23.0,15.0,3.0,2.0,None,2,240.0,39.8,91.4,0.436,9.6,29.6,0.325,30.2,61.7,0.489,16.8,20.7,0.8109999999999999,11.8,35.0,46.8,21.0,7.6,3.0,13.5,17.2,106.1,10,20,6,29.0,28,28,29.0,7,2,26.0,17,22,4.0,2,16,7,30,16,30,5,1,26,240.0,42.3,88.2,0.479,12.4,33.9,0.365,29.9,54.3,0.551,13.4,18.4,0.728,8.7,36.9,45.6,24.8,7.6,5.6,14.8,19.5,110.3,10,24,15,24.0,14,11,11.0,25,16,27.0,2,4,7.0,5,24,18,18,14,23,18,20,13
142,PHI,2021,8,4,7,5,2.5,-0.17,2.33,109.4,107.0,102.8,0.253,0.382,0.541,14.5,22.3,0.192,0.505,12.9,77.3,0.193,Wells Fargo Center,0,2,21,5,15,10.0,17.0,10.0,17.0,6.0,5.0,14.0,18.0,13.0,26.0,15.0,16.0,3.0,18.0,24.0,17.0,None,7,242.1,42.1,89.0,0.473,12.2,34.0,0.358,29.9,55.0,0.544,17.1,22.5,0.759,9.8,38.0,47.8,25.8,8.2,7.1,16.8,20.2,113.4,2,8,13,10.0,20,18,19.0,10,12,12.0,14,15,16.0,16,4,5,10,13,1,28,13,11,242.1,39.9,92.2,0.433,13.3,36.1,0.36700000000000005,26.7,56.1,0.475,17.8,22.9,0.778,11.2,34.0,45.2,26.0,8.6,4.8,15.1,20.5,110.9,2,10,28,1.0,19,18,14.0,8,22,1.0,21,18,19.0,27,9,16,22,25,11,13,14,16
143,PHO,2021,7,4,7,4,3.73,-1.08,2.64,113.4,109.6,96.5,0.225,0.441,0.55,11.8,18.0,0.18600000000000003,0.527,12.2,78.7,0.209,Phoenix Suns Arena,0,3,21,6,7,7.0,26.0,9.0,9.0,15.0,30.0,26.0,8.0,9.0,5.0,27.0,18.0,14.0,22.0,16.0,21.0,None,7,242.3,40.3,85.9,0.469,13.9,37.9,0.36700000000000005,26.4,48.0,0.5489999999999999,16.0,19.4,0.826,7.7,34.6,42.4,25.9,5.5,4.5,12.6,21.2,110.5,6,16,24,12.0,8,11,13.0,20,24,8.0,20,27,2.0,28,18,27,9,29,20,3,22,19,242.3,39.1,84.5,0.462,10.9,30.1,0.363,28.2,54.5,0.518,17.6,24.5,0.721,9.4,35.1,44.5,21.5,6.1,3.5,13.3,19.9,106.7,6,5,3,18.0,3,2,10.0,15,18,13.0,19,24,4.0,12,15,11,2,2,3,26,16,7
144,POR,2021,6,4,6,4,1.9,-1.88,0.02,113.6,111.8,102.2,0.261,0.46,0.534,10.3,17.6,0.209,0.5379999999999999,12.6,79.7,0.23,Moda Center,0,9,21,13,10,11.0,28.0,16.0,7.0,23.0,7.0,13.0,3.0,16.0,2.0,28.0,11.0,21.0,20.0,6.0,25.0,None,7,242.5,41.0,91.9,0.446,16.1,42.3,0.381,24.9,49.6,0.502,19.2,24.0,0.8,8.2,36.2,44.4,22.2,8.5,4.3,11.8,20.5,117.3,20,12,4,21.0,2,2,10.0,27,23,23.0,6,7,8.0,24,11,15,27,8,23,2,16,4,242.5,40.8,88.4,0.462,13.5,37.8,0.35700000000000004,27.3,50.6,0.54,20.3,25.6,0.7929999999999999,9.2,38.4,47.6,24.2,6.1,5.4,14.4,20.9,115.4,20,19,16,17.0,20,26,7.0,12,10,19.0,26,26,25.0,11,27,25,13,3,18,20,11,24
145,SAC,2021,5,6,3,8,-7.36,-0.18,-7.55,110.7,117.9,101.8,0.317,0.349,0.53,12.4,22.8,0.22899999999999998,0.5720000000000001,11.8,79.6,0.166,Golden 1 Center,None,15,7,28,29,29.0,18.0,29.0,14.0,30.0,8.0,1.0,25.0,17.0,8.0,12.0,3.0,29.0,26.0,7.0,8.0,None,None,242.3,41.2,88.3,0.467,11.2,30.8,0.363,30.0,57.5,0.522,20.2,28.0,0.721,10.5,33.7,44.2,24.6,6.5,5.6,14.3,20.5,113.7,6,11,16,13.0,25,27,15.0,8,7,16.0,2,1,27.0,11,22,16,15,26,9,9,15,10,242.3,45.7,92.4,0.495,14.3,37.7,0.37799999999999995,31.5,54.6,0.5760000000000001,15.4,18.9,0.813,8.6,35.4,44.0,27.7,7.8,5.5,13.5,21.7,121.1,6,30,29,30.0,27,25,21.0,29,19,29.0,9,6,29.0,3,17,9,29,18,21,24,7,28
146,SAS,2021,6,5,5,6,-0.91,0.16,-0.75,109.2,110.1,100.8,0.20800000000000002,0.331,0.507,9.0,18.1,0.16399999999999998,0.542,12.2,79.5,0.162,AT&T Center,0,9,13,16,20,17.0,15.0,18.0,18.0,18.0,15.0,29.0,27.0,25.0,1.0,26.0,27.0,22.0,23.0,8.0,6.0,None,7,242.3,41.9,94.5,0.444,11.9,31.3,0.381,30.0,63.2,0.475,15.5,19.6,0.787,9.1,36.4,45.5,25.5,6.7,5.1,10.2,18.0,111.2,6,9,1,23.0,23,24,9.0,8,1,30.0,25,26,10.0,19,10,11,11,25,14,1,5,17,242.3,42.6,89.9,0.474,12.3,30.8,0.39799999999999996,30.4,59.1,0.514,14.5,20.0,0.727,9.4,41.2,50.5,24.6,5.2,6.2,13.7,19.5,112.1,6,26,20,23.0,13,3,30.0,26,27,12.0,7,8,6.0,12,30,30,15,1,27,23,22,18
147,TOR,2021,2,8,5,5,-1.4,-0.82,-2.22,109.4,110.8,101.5,0.24,0.479,0.527,12.6,20.6,0.18899999999999997,0.534,14.4,77.8,0.24100000000000002,Scotiabank Arena,"10,989",29,1,18,18,19.0,24.0,21.0,16.0,21.0,10.0,19.0,1.0,18.0,11.0,18.0,17.0,16.0,5.0,21.0,29.0,None,3,240.0,39.3,89.4,0.44,15.6,42.8,0.364,23.7,46.6,0.509,16.9,21.5,0.7859999999999999,9.6,33.9,43.5,23.6,8.4,6.0,14.3,23.3,111.1,23,22,12,26.0,4,1,14.0,30,28,19.0,16,16,11.0,17,21,21,19,9,6,10,29,18,240.0,39.1,85.9,0.455,13.6,37.2,0.366,25.5,48.7,0.524,20.7,26.6,0.778,9.7,36.9,46.6,26.7,6.6,6.6,16.4,19.3,112.5,23,6,5,14.0,22,22,12.0,4,4,15.0,27,27,19.0,17,23,23,24,4,30,4,23,19
148,UTA,2021,7,4,7,4,3.55,-0.81,2.74,111.5,107.9,98.8,0.212,0.45899999999999996,0.547,13.7,25.8,0.149,0.505,10.2,79.9,0.153,Vivint Smart Home Arena,"5,796",3,21,7,8,8.0,23.0,6.0,12.0,9.0,23.0,28.0,4.0,12.0,20.0,3.0,29.0,4.0,30.0,4.0,3.0,None,4,240.0,40.5,88.7,0.457,15.9,40.7,0.391,24.6,48.0,0.513,13.2,18.8,0.7,11.5,38.7,50.2,22.5,5.5,5.7,15.4,17.5,110.2,10,15,15,15.0,3,3,5.0,29,24,17.0,29,29,29.0,5,2,1,26,30,8,21,3,20,240.0,40.5,91.6,0.441,11.7,32.5,0.36,28.7,59.1,0.486,14.0,18.2,0.77,9.7,32.9,42.6,22.5,8.3,5.2,11.4,18.6,106.6,10,17,26,3.0,5,7,8.0,22,27,3.0,4,3,16.0,18,6,7,4,19,15,30,26,6
149,WAS,2021,3,8,5,6,-0.82,-0.8,-1.62,113.9,114.6,105.8,0.29,0.364,0.5479999999999999,11.6,19.5,0.214,0.56,13.6,79.8,0.266,Capital One Arena,0,26,1,15,19,16.0,22.0,20.0,5.0,27.0,1.0,5.0,22.0,10.0,4.0,21.0,8.0,27.0,13.0,5.0,30.0,None,7,240.0,43.9,91.9,0.478,13.0,33.5,0.389,30.9,58.5,0.529,19.6,26.6,0.737,9.1,33.7,42.8,27.3,7.3,3.5,13.5,24.6,120.5,10,2,3,7.0,15,20,7.0,3,5,14.0,5,2,23.0,19,22,25,2,20,29,5,30,2,240.0,42.9,87.5,0.491,12.2,32.3,0.377,30.7,55.2,0.557,23.3,29.5,0.7879999999999999,8.5,37.6,46.2,25.0,7.4,4.4,15.8,22.3,121.3,10,28,13,28.0,11,6,20.0,27,20,28.0,30,30,24.0,2,25,22,19,11,7,8,3,30
